5,32,7,82
5,23,5,89
15,82,1,94
8,47,2,98
6,37,3,94
3,17,7,93
9,52,2,91
5,26,23,64
4,18,7,87
15,76,3,90
6,45,2,95
5,28,4,88
3,23,5,95
17,94,3,94
4,26,4,91
16,93,12,85
20,124,3,84
3,14,8,92
10,74,3,92
8,37,3,87
4,29,73,19
7,44,3,97
5,37,6,91
6,26,14,71
5,30,4,96
6,32,4,81
8,43,3,97
3,18,6,94
6,35,3,97
9,45,24,73
4,18,7,93
4,17,7,93
6,39,3,94
5,24,100,0
6,48,2,98
11,82,39,56
1,10,10,80
5,36,3,88
2,13,8,83
4,20,6,88
8,40,21,76
2,21,10,90
4,23,5,90
6,36,3,90
7,45,15,79
9,45,3,92
6,28,4,91
2,11,10,80
4,24,14,81
8,54,2,94
3,20,17,83
3,10,12,75
6,29,4,96
2,12,9,91
4,21,6,94
6,36,10,83
7,34,4,93
13,83,7,89
7,47,2,90
4,24,5,86
3,18,6,94
10,63,19,72
22,99,3,94
2,14,8,92
6,50,27,69
13,67,2,93
8,40,0,100
6,34,3,93
7,30,4,88
4,20,24,59
4,33,3,97
5,33,3,86
13,60,4,90
11,59,2,96
4,34,3,90
4,32,3,93
8,61,13,87
6,28,4,96
3,20,6,94
4,19,6,88
1,14,7,93
6,28,9,87
13,77,5,89
9,46,5,87
2,22,5,81
6,37,16,81
8,47,2,92
7,40,3,97
6,40,3,89
7,51,2,98
6,34,3,97
5,39,3,89
16,78,2,97
10,51,5,88
14,74,2,92
6,28,4,96
5,28,25,75
1,5,20,60
5,39,14,83
2,14,8,85
4,21,6,72
2,19,11,89
2,10,22,78
5,29,4,96
4,29,4,96
10,58,2,96
5,20,0,100
8,37,3,97
2,13,17,83
18,94,3,92
9,33,4,92
11,60,4,90
4,31,4,93
7,35,3,97
5,33,14,76
5,24,5,85
4,27,4,96
3,22,15,85
4,21,22,72
2,15,7,79
6,27,5,95
13,74,3,90
2,15,7,86
4,18,7,93
5,37,3,94
1,8,0,100
4,29,4,96
2,13,100,0
6,31,23,77
3,19,6,88
8,43,3,97
4,39,42,50
16,100,1,93
4,24,5,86
2,21,5,90
6,38,3,94
16,90,1,97
6,48,2,93
9,47,3,90
3,17,20,73
4,29,4,92
13,71,3,90
11,61,2,96
5,26,9,82
3,20,11,89
11,58,2,92
3,20,11,89
9,60,2,94
18,75,2,95
5,40,3,94
5,34,13,87
5,33,14,86
15,71,2,98
14,79,2,95
11,57,4,91
4,25,0,100
5,25,5,95
8,40,3,79
3,18,12,75
8,40,3,76
2,15,14,86
3,20,6,94
6,56,6,80
5,26,5,95
2,7,17,67
7,44,5,95
7,38,3,94
9,49,2,93
3,20,6,89
2,14,100,0
2,12,9,82
1,5,20,80
5,27,100,0
4,17,7,93
4,26,35,48
13,74,3,90
12,57,0,96
6,26,5,95
7,42,3,94
12,52,2,90
3,20,6,94
11,57,4,87
6,34,14,79
7,32,4,85
9,54,2,96
1,8,12,75
4,27,4,92
10,49,2,98
2,13,8,92
4,19,6,94
5,34,3,93
2,12,9,82
5,27,22,74
8,42,3,91
5,26,5,91
9,50,7,83
5,21,29,65
1,5,0,100
14,59,2,78
14,67,4,89
6,30,4,96
5,25,14,86
5,37,3,94
8,39,3,97
14,61,2,92
9,54,2,96
3,16,21,79
3,18,6,94
3,18,19,81
3,21,0,100
4,18,7,87
6,36,16,81
9,47,3,97
2,10,11,89
7,33,7,89
3,20,6,94
3,17,7,87
2,13,8,92
4,23,0,95
2,18,6,94
2,10,89,0
10,73,3,92
2,14,8,92
5,29,4,92
6,31,4,92
2,12,9,82
4,16,0,92
2,16,7,93
3,25,4,91
3,21,5,89
7,32,4,92
3,23,43,57
14,69,2,91
2,12,9,82
4,22,5,95
6,31,23,73
11,76,2,95
9,49,15,80
4,21,6,89
9,51,5,91
10,61,6,85
5,34,3,93
5,28,21,75
3,17,0,100
5,23,5,95
3,13,9,82
10,52,7,86
4,29,4,88
3,19,6,88
11,48,5,87
4,26,4,91
1,5,0,100
8,34,4,96
5,30,15,85
7,39,3,97
7,36,7,73
6,31,4,92
12,55,2,93
6,34,3,90
7,39,18,82
13,66,4,87
9,60,2,94
4,25,18,82
5,26,9,86
6,27,5,86
6,35,3,90
4,31,0,93
8,56,2,98
2,10,22,78
5,24,0,90
13,70,3,95
3,19,6,94
3,23,5,86
3,23,5,86
13,67,9,85
7,36,3,97
3,16,7,93
3,11,11,78
9,50,2,88
3,15,8,92
3,12,0,100
7,43,6,75
9,46,3,89
4,36,12,88
1,12,8,92
3,17,7,93
3,15,8,85
10,62,2,96
2,14,92,0
4,17,0,100
17,96,1,98
11,58,2,94
8,42,3,89
6,31,8,88
3,23,5,90
2,14,8,92
6,32,4,96
7,29,4,78
5,28,4,96
6,44,3,92
4,35,3,94
5,33,3,97
5,24,5,95
6,28,22,74
5,28,8,88
3,14,75,0
6,38,3,91
3,21,5,89
11,50,5,92
3,17,7,93
8,49,5,88
4,23,5,90
4,15,0,92
12,49,5,87
12,60,2,92
4,20,6,82
3,18,6,81
7,37,3,90
2,7,17,83
11,48,3,87
3,22,5,95
5,21,6,94
3,17,20,80
3,20,11,89
13,66,2,91
1,6,17,83
11,59,2,96
11,68,5,90
4,23,5,95
8,34,7,93
11,64,2,98
12,82,11,80
4,19,6,75
4,17,7,93
2,13,0,100
7,36,3,90
10,58,2,90
11,62,2,90
3,18,6,88
7,45,0,82
2,13,17,83
5,29,4,92
4,19,6,94
13,63,4,92
4,30,4,89
2,10,11,78
10,50,2,98
3,23,10,90
2,10,11,89
3,15,8,92
3,11,11,89
6,31,8,88
5,25,5,95
6,33,7,89
7,42,3,97
10,41,0,100
2,13,8,75
28,128,3,97
6,36,3,90
5,27,4,78
4,14,9,82
10,52,7,88
3,18,6,81
3,19,18,82
7,31,4,96
5,22,17,83
4,25,5,95
6,32,4,93
10,56,4,89
6,40,3,97
3,20,6,94
7,46,2,95
8,43,3,94
10,54,2,91
5,33,3,90
8,32,4,96
2,12,9,91
2,16,7,87
4,18,13,80
3,20,6,94
3,19,6,88
3,20,6,94
2,12,18,82
3,14,8,58
2,14,8,85
5,23,5,95
18,92,3,93
3,19,6,88
5,19,7,93
14,75,5,89
6,35,3,93
8,40,3,88
1,9,0,100
11,48,3,89
7,37,3,94
3,21,11,72
10,63,4,91
6,26,5,95
12,64,2,98
7,30,4,96
7,40,6,85
5,25,5,90
5,33,3,97
6,33,4,93
4,22,16,84
4,21,6,89
9,44,3,89
4,21,6,94
3,18,6,88
11,52,5,93
12,69,5,93
4,22,5,95
3,24,5,86
4,18,7,93
6,36,3,97
14,69,2,96
3,14,8,83
7,33,4,96
2,7,17,67
6,29,17,83
4,19,6,75
4,19,19,81
3,14,8,92
8,40,6,88
4,19,6,94
4,24,5,95
2,18,6,94
14,76,2,97
4,21,6,83
1,12,8,92
12,67,2,91
3,14,8,83
3,16,93,0
6,40,6,91
1,8,12,88
2,10,11,89
8,46,3,92
3,16,29,64
13,88,3,92
4,28,4,88
2,13,0,100
9,59,2,96
3,17,33,60
11,57,11,72
6,38,3,94
17,81,3,92
10,43,6,94
2,13,8,92
3,16,21,71
3,18,6,75
4,19,6,94
12,51,2,90
5,22,6,89
5,35,3,94
6,34,3,97
9,46,3,97
8,49,5,90
11,61,4,94
7,34,4,96
2,14,15,85
3,17,47,47
1,5,20,80
25,126,4,88
2,13,8,92
5,32,4,93
3,18,6,94
4,22,0,95
17,83,3,92
5,24,5,90
5,24,5,95
7,42,3,94
3,15,15,77
5,31,4,96
9,53,2,91
5,26,5,95
4,20,18,82
5,19,7,80
6,29,29,67
6,30,4,92
7,40,3,91
2,14,8,92
11,55,2,98
7,37,3,84
5,35,23,71
11,58,6,88
4,19,12,88
6,26,5,86
5,25,5,95
7,44,3,89
5,33,7,83
5,32,4,96
13,66,9,89
5,22,6,89
2,9,25,62
3,13,0,100
6,31,4,96
1,8,12,75
13,68,2,91
6,39,3,94
2,18,12,88
2,11,20,80
10,57,4,94
3,14,8,83
13,64,2,96
4,19,0,100
4,14,9,91
2,16,7,87
3,14,8,92
3,13,9,91
2,15,7,86
6,32,4,93
4,30,7,78
5,25,5,95
4,18,7,93
5,25,5,86
6,42,3,92
9,43,0,97
3,22,0,100
11,50,2,90
12,59,4,85
10,56,2,98
2,12,9,91
2,23,9,91
2,11,60,40
3,22,5,95
5,28,4,96
3,17,87,0
2,7,17,33
4,21,11,89
2,8,29,71
4,23,20,80
3,20,6,94
2,14,15,77
10,48,5,85
2,14,8,92
4,22,21,74
5,24,5,90
4,33,13,80
4,15,8,83
10,51,2,88
4,17,7,93
5,25,5,95
6,41,3,94
3,24,5,95
8,51,2,98
4,19,0,100
2,7,0,100
3,20,6,89
10,55,4,87
3,17,0,100
3,18,6,88
11,49,5,87
4,20,12,82
5,33,3,97
1,8,12,88
1,4,25,75
4,22,5,89
4,23,5,90
2,14,15,85
10,53,2,98
15,81,3,96
4,22,5,89
3,13,9,82
2,19,11,89
1,7,14,86
6,28,9,87
11,51,2,90
2,10,22,78
4,28,8,84
4,28,4,92
6,34,3,97
11,50,2,98
5,22,6,89
8,42,3,94
10,44,6,77
1,7,14,86
7,41,20,74
4,30,15,78
2,12,9,82
5,24,5,95
3,22,10,80
3,21,0,100
3,21,5,95
9,44,0,94
3,19,6,88
1,7,14,86
4,27,17,83
7,45,0,90
4,17,36,64
3,21,5,89
6,35,13,70
4,26,4,96
7,50,2,91
4,23,20,80
2,12,9,91
2,11,20,80
9,47,3,97
4,23,5,95
6,38,15,85
4,23,0,100
2,11,20,80
6,27,5,91
2,10,11,78
2,11,10,80
10,65,2,96
4,30,7,89
3,24,5,86
4,17,7,93
4,16,8,92
2,13,8,83
3,32,13,83
3,18,6,94
4,17,7,93
2,14,8,85
5,37,15,85
1,3,33,33
2,8,14,71
6,39,3,94
8,34,4,93
8,40,6,94
3,11,11,89
4,25,5,95
4,17,7,93
4,20,6,94
4,25,5,91
12,66,2,98
6,24,5,95
9,43,3,97
8,41,3,97
4,29,15,85
4,23,5,90
3,11,11,89
7,45,3,97
2,8,14,86
10,47,8,76
2,13,8,83
12,66,2,98
7,33,4,96
3,18,6,88
3,19,6,88
2,10,22,78
3,18,6,94
2,8,29,71
17,93,3,92
7,42,3,92
2,12,9,91
6,31,4,96
2,10,22,78
4,16,8,92
1,6,17,67
11,50,2,85
6,35,3,97
2,20,5,95
4,33,3,93
8,46,0,100
3,14,8,83
3,21,5,89
4,17,0,100
11,44,3,88
3,13,9,91
5,34,3,97
1,5,20,80
3,17,7,93
9,37,3,97
4,19,6,94
8,45,3,95
6,37,6,84
6,31,4,92
3,21,5,89
5,23,11,84
2,17,6,94
3,15,8,92
3,15,8,92
3,20,6,94
6,28,9,87
2,12,18,82
6,39,3,94
3,12,10,80
6,35,3,87
2,11,10,90
1,5,20,80
10,55,4,87
4,17,7,93
11,51,5,85
2,16,13,87
10,63,2,91
3,18,6,94
16,86,1,97
5,23,5,89
2,12,18,82
2,11,20,70
17,93,1,95
4,21,6,89
2,10,11,89
2,8,14,71
4,27,4,96
4,15,8,83
4,31,4,93
2,12,9,82
2,12,9,82
20,101,2,89
3,12,10,80
2,10,11,89
5,25,5,95
4,24,5,95
13,61,8,84
2,16,7,93
6,25,5,90
11,46,6,86
6,29,8,88
9,61,0,96
3,19,18,82
6,35,23,73
4,29,8,85
6,29,4,92
5,32,4,89
3,19,18,82
4,18,7,93
11,51,5,88
5,20,6,88
13,68,4,88
2,11,20,80
6,38,3,94
2,11,20,80
4,22,5,95
8,49,10,90
2,17,12,88
8,34,4,93
4,17,7,79
4,22,16,84
2,15,7,93
3,12,10,90
3,17,7,93
3,11,0,100
2,10,11,89
6,33,4,93
2,13,8,92
3,21,16,84
5,23,5,95
3,18,6,94
6,38,3,97
4,20,6,94
5,24,5,90
3,18,6,94
11,61,4,94
3,16,7,86
9,54,2,93
4,23,5,90
5,33,7,86
5,25,5,90
7,47,2,98
1,5,20,80
5,26,5,91
5,35,3,97
11,47,3,89
5,30,4,85
7,25,5,95
9,33,8,92
3,15,8,69
1,4,25,75
4,19,6,94
4,21,6,94
4,22,5,95
1,4,25,75
1,6,17,67
2,10,22,78
3,21,11,84
3,16,7,86
5,38,3,91
11,52,5,88
5,30,4,92
2,10,22,78
1,8,12,75
3,13,9,91
3,11,11,89
6,31,8,84
2,10,0,78
10,39,7,93
2,10,11,89
12,53,5,88
4,15,33,58
4,17,7,93
3,21,5,89
3,15,8,92
4,15,0,100
2,11,20,80
5,31,4,93
7,48,2,98
7,27,5,90
5,23,21,79
1,5,20,80
18,79,5,89
5,28,4,92
1,5,20,80
10,50,7,90
9,58,4,92
2,8,14,86
2,16,7,93
6,39,6,88
3,18,19,75
7,41,3,94
4,24,5,95
4,16,8,92
11,51,2,90
7,47,20,80
10,44,0,100
4,24,5,95
6,38,18,79
2,16,13,87
3,10,88,0
2,17,12,81
3,15,23,77
8,45,3,95
3,12,10,90
2,15,14,79
2,18,6,94
1,5,20,80
10,60,4,84
5,22,6,89
2,13,8,92
8,40,3,97
1,9,11,89
3,18,6,94
4,38,3,91
3,19,6,88
6,30,4,92
6,38,3,94
4,30,4,93
7,33,4,96
3,18,6,75
2,10,22,78
8,53,2,98
12,65,2,91
1,7,14,86
5,34,3,93
5,32,4,96
2,16,13,80
7,37,3,97
7,34,4,96
8,50,26,72
2,10,22,78
7,34,0,96
10,53,5,86
1,7,14,86
2,10,22,78
5,27,4,96
10,52,2,93
12,62,2,92
3,16,93,0
4,23,100,0
2,15,14,71
4,25,5,95
5,24,5,95
14,71,3,90
1,5,20,80
11,50,5,88
5,26,5,91
2,8,14,86
7,37,3,97
12,59,2,98
4,15,8,92
4,25,0,100
3,18,6,88
12,61,8,82
2,10,11,78
6,32,4,96
2,10,11,89
17,89,3,90
3,14,8,92
5,29,4,92
12,62,12,86
6,30,4,96
2,11,10,90
2,11,10,90
2,9,12,88
2,12,9,82
6,27,9,91
2,11,20,80
2,12,9,91
3,25,4,87
6,27,9,86
2,10,11,78
2,13,8,92
3,19,18,82
11,50,18,82
2,11,10,90
4,23,5,90
2,12,9,82
6,25,5,95
3,23,5,95
7,41,3,91
5,21,6,88
5,22,11,83
2,12,18,73
5,25,5,95
2,10,11,89
3,10,12,75
18,98,0,96
9,48,5,92
6,31,4,92
2,9,12,88
3,20,100,0
4,39,8,81
2,11,0,100
6,26,0,95
5,25,5,95
3,18,19,81
4,15,8,83
5,19,7,93
2,9,12,75
1,10,10,60
2,13,8,92
1,5,20,80
10,54,2,98
6,30,16,84
5,25,5,95
2,16,7,93
7,39,3,94
5,30,4,77
3,16,7,86
11,55,4,89
4,19,6,94
3,19,6,76
4,18,7,87
3,15,8,92
10,53,2,98
3,18,6,94
10,50,2,98
3,22,5,95
8,36,3,97
5,30,0,96
3,16,21,79
17,79,0,98
1,4,25,75
3,16,21,79
2,11,20,80
6,41,3,92
3,13,9,91
11,53,7,84
2,22,5,95
2,10,22,78
10,44,3,97
4,18,7,87
3,19,6,94
9,48,2,92
2,13,17,83
2,10,22,78
2,11,0,100
2,11,10,90
1,2,50,50
2,16,7,87
4,14,9,64
4,17,7,86
2,11,10,80
3,17,7,93
2,10,22,78
5,26,5,91
14,75,8,85
4,30,4,96
3,13,9,82
2,11,10,90
2,12,9,91
11,50,8,75
4,17,7,93
7,34,4,93
4,18,7,87
2,8,14,86
1,3,33,67
4,19,6,94
2,10,22,78
2,14,8,92
15,65,2,98
4,19,6,94
5,37,6,88
3,19,6,88
4,27,4,96
1,6,0,100
3,10,12,75
5,21,6,94
2,18,12,82
3,14,8,83
1,5,20,60
7,36,0,100
9,65,9,88
6,34,3,97
3,18,6,94
10,63,2,96
1,7,0,100
9,38,10,90
11,49,3,87
10,55,7,85
1,6,0,100
6,24,5,95
2,15,21,64
5,26,5,95
2,12,9,91
2,11,20,80
3,20,6,94
4,25,5,91
2,18,6,94
7,48,2,93
19,105,0,97
2,12,0,91
4,22,21,68
5,29,4,96
3,11,11,89
3,24,5,95
12,57,2,91
10,60,4,86
8,45,3,97
8,46,3,90
6,37,3,97
9,46,3,97
8,39,3,97
2,10,22,78
2,17,6,88
2,10,0,100
5,24,5,95
2,10,11,89
3,14,8,92
9,39,3,97
8,32,4,96
6,34,3,93
2,14,15,85
2,10,22,78
1,8,12,75
7,45,0,92
8,53,9,91
1,10,10,0
10,57,4,88
1,2,0,0
3,18,6,88
6,38,3,94
5,25,5,95
12,59,2,90
12,58,2,91
8,39,3,88
3,18,19,81
6,25,5,95
11,60,2,90
9,44,3,97
8,43,3,92
1,5,20,80
10,50,5,85
6,28,4,96
2,14,8,85
3,20,6,89
2,10,22,78
3,17,7,93
2,11,20,80
9,49,7,80
2,15,7,93
2,10,0,100
3,11,11,89
2,11,10,90
1,7,14,86
3,11,11,89
7,40,0,97
4,17,100,0
3,20,17,83
5,24,5,95
13,57,4,96
7,30,4,92
3,13,0,100
4,13,10,80
8,38,3,94
7,35,3,97
3,11,11,89
1,5,0,100
3,15,8,92
12,70,2,88
2,10,22,78
3,20,0,100
6,30,4,92
3,15,8,92
2,18,6,88
3,23,14,86
3,20,6,94
6,36,3,97
5,27,4,96
4,20,6,88
11,53,2,91
3,23,5,95
10,48,5,95
10,47,5,84
2,14,8,85
4,22,5,89
3,14,8,92
12,65,4,93
3,19,6,82
4,21,6,89
4,20,6,94
3,16,7,93
7,31,4,96
2,10,22,78
1,7,14,86
7,38,3,84
11,47,11,78
8,44,3,97
3,24,5,86
1,5,0,0
2,10,22,78
3,15,8,92
10,44,3,86
4,21,6,94
2,10,11,89
5,38,3,94
5,38,6,88
2,10,22,78
5,26,5,91
5,31,15,85
2,13,8,92
4,17,7,86
2,10,11,89
3,14,8,92
2,17,6,88
7,40,0,100
3,17,7,93
1,4,25,75
1,7,14,57
2,15,14,86
2,11,10,90
2,10,11,89
2,13,8,92
5,25,5,90
5,31,4,96
4,29,4,88
1,2,50,50
3,16,93,0
1,7,14,86
3,9,14,86
1,5,20,60
4,32,3,97
2,12,9,82
3,15,23,77
6,31,4,96
4,23,10,85
5,36,3,97
6,40,3,94
4,19,6,94
6,39,3,85
3,16,7,93
13,54,5,88
2,13,17,83
6,39,3,94
7,38,3,97
4,18,13,87
15,73,3,92
2,10,22,78
13,58,4,85
2,14,8,92
4,16,8,92
3,17,7,87
2,10,22,78
1,10,10,90
5,22,6,94
2,16,13,67
2,10,22,78
9,42,0,100
2,10,22,78
2,10,22,78
5,27,4,91
5,37,15,82
4,26,4,96
4,24,10,86
24,104,4,91
1,7,14,86
2,7,17,67
4,30,4,93
7,49,2,93
2,13,8,92
2,11,20,80
1,8,12,88
5,27,4,91
2,13,17,83
13,59,2,91
3,14,8,83
4,23,0,100
16,88,1,96
10,52,5,88
5,40,3,94
4,27,12,83
5,20,6,94
2,10,22,78
5,27,4,91
1,4,0,100
3,22,15,85
2,11,20,80
4,22,5,95
2,10,22,78
5,29,12,88
2,8,29,71
1,6,17,83
11,46,3,97
3,16,7,93
10,57,2,96
3,17,7,93
2,10,22,78
7,37,3,97
5,35,3,90
2,10,22,78
3,21,5,95
9,51,2,95
7,32,4,96
3,17,7,93
7,41,3,97
3,17,7,93
9,48,2,82
16,74,3,90
2,12,9,91
18,82,3,88
3,20,6,89
2,9,12,88
3,22,5,95
8,49,2,98
3,21,5,95
7,37,3,97
11,54,2,84
7,25,11,84
2,16,7,93
5,21,6,82
11,61,0,96
7,35,3,97
5,24,0,95
2,13,8,92
1,5,20,80
2,7,17,67
3,18,6,56
9,42,0,100
3,20,6,94
2,10,22,78
5,27,4,96
5,29,4,92
2,10,22,44
1,4,25,75
3,15,8,92
2,10,22,78
6,24,5,95
3,11,11,78
3,23,14,86
5,25,5,95
1,4,100,0
3,14,17,75
2,15,7,93
2,10,22,78
2,10,22,78
1,5,20,80
12,73,2,98
5,24,10,90
8,37,3,97
2,14,8,77
3,19,6,94
2,10,11,89
3,13,9,91
5,25,14,86
4,23,5,95
6,42,3,89
3,21,5,79
3,11,11,89
6,31,23,69
3,19,6,88
12,42,6,84
2,10,22,78
2,11,10,90
5,29,12,88
3,22,5,90
11,46,6,83
5,21,6,94
2,11,10,80
2,10,22,78
4,20,6,88
2,12,9,91
2,10,22,78
5,29,4,96
2,10,11,89
6,28,4,96
2,11,10,90
1,5,20,60
4,28,4,92
3,22,20,75
2,13,8,92
2,13,8,92
2,10,22,78
2,10,22,78
3,15,8,92
5,20,6,75
3,12,10,90
4,30,8,88
2,8,14,86
1,6,17,83
1,7,14,86
1,5,20,80
4,24,5,95
2,9,12,88
12,55,2,91
7,30,4,96
2,10,22,78
1,6,17,83
2,15,7,93
11,51,2,90
2,10,22,78
12,55,5,86
14,79,8,88
9,39,3,94
11,55,2,96
2,9,25,75
2,10,22,78
5,25,10,80
2,10,22,78
6,31,4,96
1,5,20,80
6,28,17,83
2,14,0,100
10,43,6,91
8,47,2,95
3,11,11,89
2,13,8,92
3,11,11,78
3,21,5,89
2,10,22,78
5,31,4,89
1,7,14,86
2,15,7,86
12,55,2,95
2,10,22,78
2,8,29,71
10,42,3,97
8,42,97,0
5,25,5,95
4,18,7,93
2,14,8,54
2,12,9,91
11,45,3,89
3,21,16,84
2,12,18,73
18,94,1,96
2,16,7,87
2,17,12,81
2,10,22,78
5,35,17,83
4,21,6,94
2,10,0,100
5,35,7,80
2,8,29,71
3,16,7,93
4,19,6,88
3,11,0,100
6,26,10,86
7,45,3,97
2,11,20,80
4,30,15,85
11,64,2,91
17,84,1,91
1,9,11,89
1,9,11,89
2,10,22,78
11,58,2,92
2,12,18,82
2,10,22,78
6,26,5,95
2,8,14,71
3,17,7,87
2,15,7,86
5,31,4,93
10,44,6,80
3,14,8,92
1,12,8,83
3,9,14,86
4,19,6,88
12,60,4,82
6,36,3,97
2,8,29,71
12,81,6,91
2,14,15,85
7,31,4,92
4,20,24,65
11,48,0,92
4,25,5,95
6,33,4,96
11,57,2,91
2,10,22,78
1,8,12,75
3,21,5,95
4,22,5,95
4,18,7,93
5,23,11,84
2,8,14,71
13,64,2,98
3,11,11,89
2,11,10,90
2,10,22,78
11,53,5,86
4,18,7,93
2,10,22,78
2,10,22,78
10,57,4,88
9,40,3,91
5,24,10,85
1,7,14,86
5,24,5,90
5,25,5,95
2,10,22,78
2,9,25,75
2,15,7,93
12,59,4,94
3,11,11,89
2,11,10,90
6,35,3,97
4,16,0,100
3,19,6,94
2,10,22,78
12,63,2,90
6,27,5,95
2,10,22,78
4,19,6,94
1,9,11,78
1,10,10,60
2,12,18,82
2,10,22,78
2,10,22,78
6,32,4,96
6,27,5,95
2,10,22,78
11,58,2,98
2,10,11,89
2,10,22,78
3,16,0,100
1,7,14,86
3,20,6,89
10,51,5,86
3,17,7,93
12,51,2,90
2,8,14,57
2,10,22,78
2,14,8,92
4,18,0,100
3,11,0,100
2,14,0,100
10,51,5,86
9,74,14,76
3,14,8,92
3,13,0,100
2,10,22,78
2,10,22,78
3,20,6,89
2,16,13,80
6,39,3,94
3,16,21,79
2,9,12,88
2,11,20,80
4,20,0,100
8,38,3,94
2,16,7,87
1,9,11,89
2,8,29,71
2,11,20,80
4,25,5,86
2,7,83,0
7,39,3,97
2,13,17,83
10,40,6,90
2,12,9,82
4,16,8,92
11,49,3,90
8,49,8,85
3,11,11,89
1,5,20,80
3,22,5,95
4,20,6,88
5,34,3,87
6,29,4,96
1,5,0,100
4,25,5,73
12,64,4,91
2,10,22,78
2,10,22,78
2,14,8,85
11,57,2,91
12,52,2,90
12,75,0,97
6,26,5,95
12,51,5,88
3,15,8,92
3,16,7,86
6,30,8,92
2,13,8,92
2,13,8,83
4,16,8,92
2,10,22,78
2,10,22,78
4,26,0,100
11,60,4,90
2,10,22,78
2,12,18,82
5,25,5,90
4,20,6,94
11,50,2,90
10,58,2,98
2,11,10,90
2,13,8,92
2,14,8,92
2,11,20,80
8,42,3,97
4,29,8,88
6,49,2,95
2,11,10,90
8,46,5,87
11,46,6,83
11,48,3,89
8,39,3,97
3,24,9,91
3,22,5,95
11,53,2,91
17,81,2,94
2,17,6,94
3,26,4,96
7,59,2,92
5,22,11,83
2,10,22,78
4,23,5,90
5,27,0,100
7,33,4,93
4,34,3,87
8,34,4,93
3,12,10,80
5,21,6,94
1,5,20,80
2,10,22,78
18,80,2,98
2,10,22,78
6,29,4,96
3,15,8,92
3,12,10,90
3,12,10,80
1,2,0,0
2,10,11,89
10,46,5,84
13,78,5,91
4,34,3,90
1,5,20,80
2,13,8,92
3,19,6,88
2,10,22,78
12,70,0,93
2,8,14,71
2,7,17,83
6,29,100,0
3,18,6,94
2,11,0,90
3,23,5,90
8,43,3,94
5,24,5,95
2,10,22,78
7,34,4,93
7,39,3,97
2,12,9,64
8,40,3,97
2,9,25,75
2,10,22,78
17,94,0,96
11,44,3,88
1,9,11,89
1,6,17,83
2,10,22,78
2,14,8,92
2,8,14,86
4,22,0,100
2,10,22,78
2,10,22,78
2,10,22,78
16,82,3,90
11,57,4,87
5,25,5,71
2,18,6,88
2,10,22,78
10,54,2,89
2,10,22,78
3,18,6,94
2,8,29,71
2,10,22,78
2,13,8,92
4,20,6,94
1,6,17,83
5,25,5,90
2,12,0,91
3,18,0,100
1,4,0,100
2,10,22,78
3,18,6,75
1,5,20,60
2,11,20,80
6,43,3,97
3,18,6,94
8,45,3,89
9,40,3,97
3,13,0,100
15,81,1,97
5,30,4,96
2,10,22,78
4,39,3,94
5,23,5,89
3,16,7,93
2,10,22,78
3,15,8,92
10,46,8,78
6,29,4,87
2,10,22,78
3,19,6,88
3,11,11,89
1,5,0,100
12,51,5,92
2,13,83,0
6,40,100,0
9,39,6,94
3,12,10,90
10,47,3,97
4,17,7,93
9,50,0,98
8,43,3,97
1,3,100,0
2,10,22,78
1,9,0,100
7,38,3,97
2,10,22,78
10,49,2,92
2,17,6,94
5,35,3,90
2,10,22,78
2,11,10,90
11,58,2,98
4,19,6,94
3,15,8,92
6,39,3,94
2,10,22,78
6,27,5,95
1,8,12,75
5,22,6,94
6,22,6,94
3,19,6,88
6,36,3,94
2,10,22,78
4,20,18,76
2,10,22,78
11,45,6,86
2,11,20,80
2,10,22,78
2,10,22,78
6,29,8,88
4,16,8,85
10,53,5,84
10,46,11,89
4,26,4,91
4,22,5,95
2,7,100,0
3,15,8,92
11,56,2,91
3,17,7,93
2,14,0,100
4,19,6,88
2,10,22,78
4,17,7,93
8,44,0,100
13,65,2,91
2,7,17,83
2,10,22,78
1,7,14,86
2,10,22,78
3,23,0,100
13,70,2,91
4,26,4,87
2,10,22,78
3,18,6,88
2,10,22,78
2,10,22,78
3,14,8,92
2,9,12,88
2,10,22,78
11,55,2,91
11,61,6,90
1,4,25,75
8,30,0,100
3,19,6,88
5,27,4,91
2,10,22,78
4,17,7,93
1,9,11,89
2,11,10,90
2,12,9,82
4,17,7,93
2,10,22,78
11,55,2,89
6,31,4,96
2,10,22,78
2,9,12,75
3,11,11,89
2,10,11,89
2,10,22,78
2,10,22,78
2,10,22,78
1,9,11,89
3,12,20,70
13,63,4,88
3,13,0,100
10,46,5,84
6,40,0,100
8,44,3,89
2,10,22,78
2,10,22,78
2,11,20,80
10,48,5,92
11,52,0,98
2,10,22,78
6,34,3,86
8,35,4,96
2,10,22,78
2,10,22,78
2,10,22,78
2,8,14,71
2,10,22,78
3,23,5,90
15,72,2,91
2,10,22,78
7,39,0,100
2,11,20,80
2,10,22,78
2,10,22,78
10,57,2,90
3,11,0,100
8,42,3,89
4,20,6,94
2,14,8,85
6,28,4,96
2,10,22,78
11,52,5,86
5,29,44,52
5,27,4,96
10,55,4,87
5,33,34,62
2,10,22,78
2,13,8,92
11,50,2,98
2,10,22,78
2,10,22,78
2,15,7,93
2,10,22,78
2,9,12,75
20,112,1,91
4,20,6,94
4,18,13,87
2,9,25,75
14,61,4,88
5,23,5,95
2,10,22,78
3,12,10,80
3,20,6,94
3,18,6,94
3,16,7,93
4,31,4,96
4,21,11,83
2,8,14,86
3,26,4,96
2,10,22,78
7,40,0,100
2,10,11,89
5,29,4,84
10,50,5,85
2,10,22,78
7,44,3,97
3,19,6,94
4,17,7,86
3,18,6,94
4,18,7,93
2,10,22,78
2,18,6,88
2,10,22,78
6,34,3,93
9,40,6,94
2,10,22,78
2,10,22,78
3,17,0,100
7,41,3,94
3,14,8,92
19,86,4,90
21,98,3,97
11,48,3,89
2,8,14,71
3,19,6,94
1,6,17,67
2,16,7,87
11,51,7,83
1,7,14,86
15,78,0,92
7,34,25,75
5,24,0,100
3,22,5,90
3,23,5,90
3,21,5,89
2,14,8,85
2,10,22,78
2,10,22,78
5,29,0,100
12,74,2,95
1,7,14,43
2,10,22,78
2,10,22,78
3,11,0,100
2,10,22,78
12,63,2,92
12,50,3,90
3,15,8,92
17,71,5,87
3,15,8,92
5,20,0,100
2,10,22,78
3,11,11,89
5,24,5,95
2,10,22,78
10,45,17,83
3,15,8,92
3,19,6,88
2,10,22,78
4,15,8,83
2,13,8,75
2,10,22,78
10,44,6,83
4,17,7,93
2,10,22,78
2,13,8,92
2,10,22,78
3,24,9,82
13,67,2,96
4,33,3,93
1,5,20,60
2,10,22,78
9,50,2,95
6,38,3,94
2,10,22,78
2,10,22,78
3,22,5,95
2,13,8,83
5,26,5,95
10,42,3,97
7,34,0,96
5,26,5,91
4,25,5,91
2,10,22,78
2,10,22,78
2,10,22,78
2,10,11,78
11,50,2,90
2,10,22,78
5,22,6,94
2,8,14,71
7,36,7,90
5,26,5,95
5,28,4,96
2,10,22,78
3,11,11,89
2,8,14,71
2,16,7,87
8,43,3,81
4,25,9,86
3,17,7,87
1,5,20,60
8,40,0,100
5,23,5,95
2,10,22,78
2,10,22,78
6,25,5,95
2,10,22,78
2,10,22,78
3,15,8,92
4,23,5,85
8,45,3,97
12,62,2,92
3,19,6,88
2,10,22,78
5,24,5,95
8,35,4,96
1,9,11,89
1,5,20,80
10,53,5,86
2,10,22,78
3,11,100,0
7,30,0,96
1,8,12,88
6,28,4,96
12,65,2,98
2,10,22,78
2,10,22,78
6,35,3,93
2,10,22,78
2,17,69,0
2,10,22,78
3,11,11,89
2,10,22,78
4,19,6,94
10,47,3,87
4,20,94,0
2,8,14,71
2,10,22,78
2,10,22,78
2,13,8,92
2,10,22,78
2,15,7,93
2,11,10,90
15,91,3,96
7,32,4,92
2,9,0,100
4,20,6,88
3,21,5,95
3,11,11,89
2,10,22,78
7,42,3,86
2,11,20,70
5,25,5,95
4,18,7,87
8,43,8,92
4,21,6,94
11,68,2,90
11,46,3,86
3,17,87,0
2,10,22,78
2,10,22,78
4,18,7,93
2,14,8,85
3,18,6,88
3,27,4,92
4,35,12,88
3,11,11,89
2,10,22,78
11,52,7,81
2,10,22,78
6,29,4,96
4,19,12,81
3,11,0,100
3,24,14,86
2,10,22,78
5,27,4,96
2,13,8,92
2,10,22,78
2,10,22,78
5,39,3,94
3,12,100,0
2,11,10,90
1,7,14,71
8,42,6,89
7,36,3,97
2,10,22,78
2,10,22,78
4,18,7,93
4,24,5,90
1,7,14,71
2,11,10,90
4,25,14,82
3,16,7,86
5,23,11,79
2,10,22,78
4,25,5,73
9,47,3,95
8,43,3,97
2,10,22,78
2,10,22,78
1,4,25,75
4,26,4,96
2,10,22,78
2,10,22,78
2,10,22,78
2,16,7,73
2,10,22,78
13,63,6,86
2,11,20,80
11,63,2,92
2,10,22,78
2,10,22,78
2,10,22,78
1,9,0,100
2,10,22,78
9,42,3,97
2,15,7,93
2,10,22,78
2,10,22,78
2,13,8,83
2,11,10,90
2,10,22,78
6,25,10,90
2,10,22,78
5,24,5,90
2,18,6,94
2,12,0,100
1,6,17,67
2,15,14,86
2,14,38,38
2,10,22,78
2,12,9,91
2,10,22,78
2,7,17,83
9,48,0,98
4,26,13,87
1,6,17,83
2,7,17,83
4,17,36,64
5,27,4,91
2,10,22,78
3,17,7,93
7,27,5,95
6,25,5,95
4,23,5,95
4,28,4,96
4,24,5,95
6,35,3,97
2,14,8,92
6,28,4,96
2,12,9,91
2,8,29,71
3,17,0,100
2,18,6,88
2,10,22,78
1,5,0,100
5,27,9,87
2,10,22,78
2,10,22,78
4,21,6,78
2,10,22,78
3,20,6,94
2,8,29,71
3,11,0,100
1,5,20,60
2,10,22,78
4,22,0,100
2,11,20,80
5,20,6,88
2,13,8,83
2,12,9,82
3,19,12,88
4,16,8,92
4,18,13,87
2,10,22,78
4,21,6,89
2,10,22,78
5,33,3,93
2,18,6,88
2,10,22,78
5,21,6,88
5,30,4,92
2,10,22,78
2,10,22,78
2,10,11,67
2,10,22,78
2,10,22,78
2,11,20,80
6,29,4,96
2,10,22,78
5,23,0,95
8,35,4,93
2,13,8,92
15,88,3,92
2,10,22,78
2,10,22,78
11,46,17,72
11,61,4,88
4,17,7,93
3,11,11,89
3,11,11,78
2,10,11,78
6,33,4,89
2,8,43,29
8,33,4,96
5,28,4,96
1,8,12,88
2,10,22,78
2,12,9,91
10,48,3,79
11,61,2,92
3,12,30,60
2,15,43,50
2,10,22,78
2,10,22,78
2,13,8,92
2,10,22,78
2,10,22,78
5,14,20,60
2,11,0,100
10,55,2,96
2,12,9,91
2,13,8,92
2,20,0,74
2,11,0,100
10,61,0,90
4,20,0,100
2,8,29,71
1,4,25,75
2,10,22,78
8,46,3,97
2,10,22,78
5,32,4,86
6,28,9,87
1,10,10,80
14,75,2,98
2,10,22,78
2,10,22,78
6,28,4,96
5,21,6,94
2,10,22,78
18,89,1,99
6,26,5,95
5,39,3,86
2,8,29,71
2,10,22,78
2,13,8,83
2,10,22,78
2,10,22,78
4,20,6,88
5,25,5,90
2,10,11,89
2,10,22,78
10,46,5,81
2,14,8,85
1,8,12,88
2,10,22,78
1,5,20,80
2,10,22,78
3,15,8,92
3,16,7,93
2,10,22,78
19,96,1,91
2,10,22,78
2,10,22,78
2,10,22,78
2,10,22,78
8,39,3,97
5,35,13,77
2,11,10,80
1,9,11,89
17,77,0,95
2,8,14,71
2,9,25,75
6,28,4,91
13,65,2,98
10,52,2,88
2,8,14,86
2,10,22,78
2,10,22,78
6,31,4,96
2,10,22,78
2,13,8,83
5,30,4,92
3,17,7,87
5,30,4,92
2,10,22,78
9,59,4,86
2,10,22,78
18,96,3,94
2,9,25,75
3,21,5,95
2,10,22,78
4,25,5,95
2,10,22,78
2,12,9,82
4,22,100,0
12,45,6,85
4,21,0,100
2,12,18,82
2,10,22,78
2,10,22,78
6,34,3,97
7,35,3,93
2,10,22,78
2,8,29,71
11,41,3,97
4,19,6,88
2,10,22,78
3,16,7,93
2,9,12,88
2,10,22,78
2,10,22,78
3,16,7,93
2,10,22,78
2,10,22,78
2,10,22,78
2,10,22,78
9,49,0,100
2,10,22,78
2,10,22,78
3,14,8,92
2,9,25,75
2,10,22,78
8,34,4,89
2,10,22,78
21,99,3,97
2,10,22,78
9,52,0,86
2,10,22,78
2,9,12,75
4,21,6,89
2,11,20,80
4,19,6,94
2,10,22,78
4,24,19,67
11,60,2,92
6,31,0,100
13,73,3,92
1,7,14,86
2,10,22,78
3,22,5,85
3,21,5,89
6,27,95,0
4,21,6,89
2,10,22,78
20,91,1,85
2,13,17,83
2,10,22,78
2,10,22,78
4,25,5,95
3,20,6,94
2,10,22,78
3,16,7,86
2,10,22,78
2,10,22,78
3,24,5,91
2,10,22,78
2,10,22,78
2,10,22,78
2,9,12,88
2,8,29,71
2,8,0,86
8,55,2,94
2,13,17,83
2,11,10,90
2,10,11,89
2,10,22,78
2,16,7,93
6,28,9,87
10,48,0,97
15,65,2,94
2,8,29,71
3,22,10,90
3,13,9,82
2,10,22,78
9,56,9,87
5,23,5,89
1,5,20,80
10,51,5,88
3,13,9,91
11,50,2,98
2,10,22,78
1,4,25,75
3,13,9,91
2,12,0,100
7,39,9,88
2,10,22,78
2,10,22,78
3,18,19,81
1,8,12,75
2,9,25,75
1,5,20,80
5,22,0,100
2,10,22,78
11,53,2,95
1,10,10,80
2,10,22,78
6,24,5,95
2,10,22,78
2,13,8,92
2,10,22,78
8,38,3,97
4,24,5,90
4,19,0,100
2,10,22,78
4,18,7,87
20,93,3,85
1,6,17,83
3,17,13,87
6,27,5,95
6,41,3,94
5,25,5,95
11,53,5,91
2,11,20,80
8,40,3,94
3,16,14,86
2,12,9,82
2,10,22,78
3,23,14,86
9,56,4,92
11,41,3,84
5,32,4,89
3,15,8,92
9,38,3,97
2,10,22,78
2,10,22,78
2,10,22,78
2,10,22,78
2,14,31,69
2,10,22,78
2,10,22,78
6,31,4,96
2,11,20,80
2,10,22,78
1,5,20,80
1,4,25,75
2,10,22,78
2,10,22,78
13,84,4,94
2,13,17,83
3,11,11,89
2,10,22,78
2,10,22,78
2,8,29,71
4,26,4,96
2,10,22,78
6,30,8,92
10,46,5,84
2,10,22,78
12,56,2,98
2,10,22,78
2,12,91,0
2,10,22,78
8,37,3,97
2,10,22,78
2,10,11,89
8,46,3,92
4,22,5,89
1,8,12,75
2,10,22,78
9,48,5,92
2,14,8,85
1,4,25,75
4,22,5,95
2,10,22,78
3,11,0,100
7,39,6,88
2,10,22,78
2,13,8,83
2,10,22,78
4,25,5,95
10,38,7,83
3,16,7,93
12,61,4,96
2,10,22,78
11,46,3,86
2,12,9,91
4,28,4,92
1,2,50,0
9,59,4,86
6,40,3,97
2,10,22,78
2,19,6,89
7,28,5,95
1,4,0,100
1,2,0,100
2,11,100,0
1,8,0,88
2,12,9,91
2,10,22,78
2,9,0,88
2,10,22,78
2,10,11,89
2,17,12,50
14,76,2,92
2,10,22,78
2,12,9,82
11,51,2,90
2,10,22,78
2,10,22,78
4,25,14,77
1,8,12,75
2,8,29,71
2,10,22,78
2,9,12,88
1,4,0,100
3,18,6,94
1,4,25,75
2,10,22,78
2,10,22,78
2,10,22,78
2,10,22,78
6,36,6,90
2,11,10,90
3,24,5,95
2,12,9,91
2,10,22,78
11,56,0,89
6,38,3,91
2,10,22,78
6,29,4,96
14,64,6,94
2,10,22,78
1,2,50,50
2,10,22,78
3,19,6,88
2,10,22,78
4,16,8,85
2,10,22,78
2,10,11,89
2,11,10,80
4,23,5,95
10,47,0,97
1,3,33,67
9,44,8,89
2,10,22,78
10,63,2,91
1,7,14,86
3,20,6,94
3,17,7,93
2,10,22,78
4,27,4,92
4,18,93,0
2,10,22,78
2,11,10,90
3,16,7,93
2,9,12,75
4,22,5,79
2,10,22,78
5,23,5,95
2,10,22,78
10,57,4,88
2,14,8,85
6,34,3,97
2,11,10,90
2,10,22,78
5,26,0,100
2,10,22,78
2,10,22,78
8,49,2,98
2,9,12,88
18,91,3,93
2,10,22,78
1,10,10,90
3,15,8,92
2,10,22,78
1,7,14,86
5,24,15,85
12,63,2,90
8,43,3,92
2,10,22,78
2,10,22,78
2,8,29,71
2,11,10,90
3,17,7,87
6,27,5,95
3,18,19,81
2,10,22,78
3,23,5,90
2,10,22,78
6,51,2,93
13,66,2,98
2,10,22,78
2,18,12,88
2,10,22,78
2,14,8,92
9,46,3,82
3,18,19,81
2,10,22,78
4,23,0,95
2,10,22,78
2,10,22,78
4,18,0,100
2,11,10,80
2,8,29,71
4,17,7,86
3,21,5,89
2,10,22,78
3,21,0,100
2,12,18,73
13,75,0,95
2,9,25,75
2,11,20,80
2,10,22,78
2,13,8,92
6,36,19,74
1,4,25,75
3,21,5,95
3,11,11,89
3,11,11,89
2,11,10,90
8,48,2,95
2,10,22,78
2,10,22,78
2,8,29,71
13,58,2,89
2,13,8,92
2,11,10,90
2,16,13,87
2,10,22,78
11,60,4,82
2,10,22,78
9,43,3,97
10,57,4,85
2,10,22,78
2,10,22,78
4,22,5,95
2,15,79,0
2,14,15,77
2,10,22,78
2,13,8,92
2,10,22,78
2,10,22,78
5,29,4,92
2,10,22,78
11,62,4,88
2,10,22,78
18,87,0,93
5,26,9,91
5,23,5,89
2,13,8,92
2,10,22,78
3,13,9,91
2,10,22,78
2,8,14,71
6,27,5,86
1,9,11,89
6,31,4,96
3,11,0,100
1,7,14,86
13,57,4,87
2,10,22,78
5,30,8,81
18,91,3,93
20,103,0,92
20,96,3,88
1,13,8,85
2,9,25,75
4,14,9,91
4,21,6,83
5,35,3,97
5,31,4,93
2,10,22,78
2,10,22,78
2,10,22,78
5,24,10,85
2,13,8,83
2,10,22,78
13,77,5,89
2,11,10,80
3,16,7,93
6,37,3,97
2,10,22,78
9,54,2,96
2,11,20,80
3,16,7,86
2,10,22,78
8,41,3,97
2,10,22,78
2,13,8,92
1,4,25,75
3,11,0,100
6,33,4,93
4,19,6,88
2,12,9,82
2,10,22,78
2,9,25,75
3,13,0,100
10,54,4,87
2,11,10,90
2,10,22,78
9,55,15,83
2,10,22,78
2,10,22,78
2,10,22,78
11,44,9,79
4,18,7,93
2,10,11,89
2,13,100,0
11,66,0,96
10,54,2,84
2,8,29,71
2,10,22,78
4,17,7,93
10,49,2,98
3,20,6,89
2,10,22,78
2,11,20,80
1,8,12,75
4,17,7,93
6,30,4,92
3,17,7,87
4,22,5,95
1,7,14,71
2,10,22,78
2,10,22,78
6,35,33,63
10,49,2,88
2,10,22,78
3,11,11,89
1,6,17,67
1,7,14,86
2,10,11,89
7,35,3,97
1,7,14,86
3,15,8,92
2,11,20,80
3,17,7,93
2,11,10,80
2,9,12,88
11,49,3,97
2,15,93,0
2,11,0,100
2,10,22,78
5,21,6,82
2,10,22,78
2,10,22,78
10,53,5,86
2,10,22,78
10,50,2,88
2,9,25,75
2,10,22,78
7,35,3,97
2,10,22,78
2,22,5,95
1,4,25,75
2,9,25,75
2,10,22,78
4,20,6,94
2,10,22,78
7,38,3,94
2,12,9,82
5,26,5,91
2,23,5,82
2,10,22,78
2,10,22,78
2,10,22,78
2,12,9,82
4,20,0,100
6,25,5,95
2,22,5,67
2,10,22,78
2,10,22,78
2,10,22,78
2,10,22,78
2,10,22,78
4,25,18,77
2,11,10,90
9,51,5,91
2,13,17,83
3,9,14,86
3,22,5,90
4,20,6,94
2,10,22,78
4,20,6,94
2,10,22,78
2,10,22,78
1,10,0,90
2,10,22,78
5,23,5,95
2,11,20,80
5,20,19,69
2,13,8,92
2,10,22,78
7,40,3,97
2,9,12,88
3,17,7,93
2,9,25,75
2,10,22,78
5,27,4,83
2,10,22,78
6,41,0,100
4,24,5,95
1,7,14,86
4,25,5,82
2,12,9,82
10,55,4,85
2,13,17,83
11,60,2,92
10,48,3,97
9,41,3,97
2,10,22,78
2,10,22,78
5,30,4,92
3,18,6,88
5,33,3,86
2,9,25,75
12,64,2,98
2,10,22,78
2,10,22,78
2,7,17,83
2,11,20,80
2,10,22,78
2,10,22,78
2,10,11,78
2,11,10,90
4,24,5,95
6,31,4,92
9,53,2,98
2,16,7,93
5,25,5,95
1,3,0,0
5,28,4,88
2,8,14,71
2,12,100,0
6,39,3,97
2,13,0,100
3,11,11,89
3,15,8,77
2,11,20,80
2,10,22,78
2,10,22,78
2,8,29,71
1,7,0,100
3,18,19,81
2,10,22,78
2,12,9,82
2,12,9,91
7,44,3,97
2,8,14,71
4,24,5,90
3,21,5,95
2,10,22,78
2,10,22,78
4,24,5,90
1,6,17,83
2,10,22,78
7,31,8,92
1,4,25,75
2,10,11,89
8,39,3,94
4,18,7,93
1,8,12,75
12,55,5,80
2,10,22,78
2,10,22,78
2,10,22,78
10,49,2,68
2,9,25,75
2,10,22,78
2,8,29,71
3,11,11,89
2,11,20,80
2,10,22,78
9,46,3,87
2,8,29,71
3,21,100,0
13,61,0,92
3,12,20,80
2,15,0,100
5,25,5,95
7,35,3,97
2,10,22,78
2,10,22,78
2,10,22,78
2,11,10,90
2,12,18,73
4,25,18,82
5,27,4,96
3,20,6,89
10,60,2,98
3,16,7,93
2,8,29,71
2,10,22,78
4,28,4,88
5,23,5,95
2,10,22,78
2,7,17,83
5,27,4,96
2,10,22,78
1,6,17,83
18,89,3,89
4,18,7,93
2,10,22,78
2,10,22,78
11,51,0,100
2,10,22,78
1,2,0,0
2,10,22,78
11,59,2,90
2,17,6,69
1,7,14,86
2,12,9,91
2,10,22,78
2,10,22,78
1,9,11,78
2,10,22,78
2,15,7,93
4,25,14,82
10,42,6,82
4,26,4,91
2,10,22,78
4,24,5,90
6,29,4,96
2,10,22,78
5,37,3,94
2,13,8,92
2,9,25,75
1,4,25,75
1,7,14,86
2,16,7,73
4,22,5,95
1,8,12,62
3,18,6,94
6,30,4,92
2,12,9,82
3,16,7,93
2,10,22,78
2,10,22,78
2,13,8,92
4,33,3,90
2,10,22,78
3,27,8,80
5,28,12,88
3,9,14,86
2,10,22,78
2,10,22,78
2,10,22,78
2,10,22,78
2,10,22,78
2,10,22,78
2,10,22,78
8,37,0,97
6,28,4,87
2,10,22,78
2,10,22,78
2,10,22,78
1,8,12,75
7,34,4,96
6,29,4,96
4,20,6,82
2,15,14,86
3,13,9,91
2,7,0,100
3,16,7,93
4,27,4,92
2,10,22,78
2,8,29,57
6,33,0,100
2,10,22,78
3,20,17,83
2,10,0,100
2,10,22,78
2,8,14,71
12,62,12,80
3,16,93,0
2,12,9,82
6,34,3,93
5,28,4,92
6,28,4,96
1,5,20,80
4,24,10,86
2,10,22,78
2,7,33,67
3,11,11,89
2,10,22,78
2,10,22,78
2,10,22,78
15,75,2,87
2,10,22,78
2,10,22,78
2,10,11,78
2,14,8,85
1,9,11,89
4,24,14,81
5,28,4,96
2,10,22,78
2,10,22,78
4,22,5,89
3,18,6,94
1,1,0,0
10,76,3,90
2,10,22,78
10,49,5,82
2,10,22,78
1,4,0,100
2,10,22,78
2,10,22,78
7,43,3,89
8,31,4,92
3,18,6,94
4,17,7,93
2,10,22,78
3,19,18,76
2,10,22,78
1,9,11,89
4,18,7,87
2,10,22,78
2,10,22,78
4,19,12,81
5,32,0,100
3,17,7,93
2,14,0,92
2,10,22,78
6,40,3,94
2,10,22,78
2,10,22,78
2,10,22,78
2,10,22,78
3,19,6,82
1,5,20,80
2,10,22,78
1,8,12,75
12,55,0,93
2,10,0,100
3,9,0,86
2,11,20,80
5,43,5,90
1,4,25,75
2,10,22,78
2,10,22,78
10,52,5,91
2,9,12,88
6,35,7,77
3,18,12,88
5,23,11,79
7,46,2,98
2,12,9,91
3,22,0,100
5,30,15,85
13,67,2,98
2,10,22,78
2,10,22,78
2,13,8,92
1,7,14,86
4,23,95,0
2,11,20,80
2,10,22,78
2,10,22,78
2,12,0,100
2,10,22,78
2,10,22,78
2,9,12,75
2,13,8,92
1,5,20,60
8,46,3,87
1,3,33,33
5,25,5,95
4,23,5,90
5,26,5,95
3,12,10,80
2,10,22,78
2,15,7,93
1,2,50,0
2,11,10,90
7,40,6,91
12,56,4,96
2,10,22,78
2,11,10,90
2,10,22,78
9,34,4,96
2,10,22,78
2,18,0,94
4,19,6,94
2,13,17,83
7,40,3,91
10,52,5,93
4,29,8,85
2,10,22,78
4,23,20,80
11,50,2,85
5,28,4,96
1,5,20,60
2,10,11,78
2,7,17,83
2,10,11,89
2,10,22,78
2,10,22,78
3,14,8,92
2,10,22,78
2,11,20,80
2,11,20,80
2,11,20,80
2,13,8,75
2,13,8,83
2,10,22,78
3,12,10,90
3,14,8,92
2,10,22,78
1,9,11,89
2,10,22,78
2,10,22,78
10,53,5,86
2,10,22,78
2,12,9,82
9,48,5,90
5,28,4,96
5,31,4,89
3,12,90,0
2,10,22,78
15,73,2,93
7,40,0,100
3,17,7,93
6,33,4,89
10,39,3,70
2,9,12,62
2,10,22,78
2,8,14,71
2,13,8,83
2,8,14,71
2,10,22,78
3,12,10,90
2,10,22,78
1,5,20,80
2,10,22,78
2,11,20,80
2,10,22,78
3,21,5,95
2,10,22,78
2,10,22,78
4,22,0,95
2,21,5,90
2,8,14,71
3,17,7,93
10,52,5,86
4,21,6,89
2,8,29,71
2,13,8,92
2,10,22,78
2,10,22,78
2,12,18,73
2,12,18,82
2,10,22,78
3,13,9,91
7,35,3,97
2,10,22,78
2,10,22,78
3,18,6,94
2,10,22,78
3,14,8,92
5,24,5,95
2,13,18,73
10,48,3,95
6,24,5,95
2,10,22,78
4,17,0,100
11,56,2,91
4,26,4,91
5,28,4,96
8,41,0,100
6,31,4,96
1,4,25,75
2,10,22,78
2,10,22,78
8,33,8,92
3,13,0,91
2,10,22,78
4,16,8,92
2,10,22,78
2,10,22,78
2,10,22,78
4,31,4,89
4,24,10,86
13,62,4,96
2,10,11,89
6,24,0,100
4,20,6,82
2,11,20,80
2,10,22,78
3,13,18,82
2,10,22,78
4,23,5,90
2,10,22,78
5,23,0,100
7,32,4,88
2,10,22,78
1,8,12,75
3,25,30,57
2,12,9,82
3,22,5,95
4,23,5,95
2,10,22,78
2,10,22,78
8,37,3,97
2,9,12,88
2,10,22,78
3,12,10,80
2,7,0,100
2,8,14,57
11,54,2,91
1,5,20,80
1,9,11,89
10,51,7,83
2,10,22,78
10,47,8,82
2,15,7,93
11,56,0,100
2,10,22,78
6,31,4,88
1,9,11,89
3,19,12,88
9,37,7,86
3,17,7,80
3,13,9,91
2,10,22,78
2,13,0,83
2,10,0,100
2,10,22,78
2,10,22,78
2,10,22,78
2,9,25,75
3,11,11,89
2,10,22,78
3,13,9,82
3,14,8,83
1,4,0,0
2,10,22,78
2,8,29,71
2,10,22,78
4,29,12,88
2,10,22,78
2,9,12,88
2,8,14,71
2,10,22,78
2,10,22,78
2,10,22,78
2,10,22,78
13,66,2,91
6,23,33,67
2,10,22,78
2,11,20,80
4,21,6,94
2,10,22,78
6,37,0,100
5,24,10,85
12,51,0,92
5,25,10,86
3,22,5,95
2,10,11,89
3,12,10,90
2,18,6,88
2,10,22,78
2,9,12,88
2,10,22,78
3,17,0,100
2,10,22,78
6,26,5,90
2,11,10,90
2,12,9,91
11,60,2,96
2,11,10,90
2,10,22,78
2,10,22,78
7,37,3,97
2,11,10,90
2,9,25,75
8,50,5,91
3,20,6,89
7,40,3,88
14,71,0,95
2,10,22,78
11,46,6,89
2,10,22,78
2,12,0,91
4,20,6,94
1,8,12,75
6,32,0,93
1,9,11,89
6,34,3,97
2,10,22,78
7,32,8,85
11,60,0,94
2,10,22,78
2,10,22,78
3,9,14,86
1,4,25,75
2,13,8,83
2,10,22,78
2,10,22,78
2,13,8,92
7,39,0,100
5,25,0,100
5,26,5,95
2,8,29,71
2,10,22,78
2,11,20,80
2,10,22,78
2,10,22,78
7,32,4,96
3,16,21,79
2,11,10,90
2,14,8,85
4,24,5,90
1,5,20,60
10,44,6,80
6,27,5,95
2,10,22,78
9,53,2,98
2,10,22,78
2,10,22,78
2,8,14,71
2,11,10,80
3,16,7,93
13,75,5,87
2,10,22,78
11,38,11,75
6,27,5,95
10,54,4,87
3,18,6,75
2,10,22,78
2,10,22,78
5,25,5,95
6,39,0,94
2,15,14,86
1,7,0,100
11,47,0,86
2,9,25,75
2,14,8,85
2,9,25,75
3,13,18,73
2,12,9,82
17,89,100,0
2,10,22,78
1,10,10,80
7,40,6,91
2,9,12,88
2,8,14,71
7,44,3,92
2,10,0,89
4,24,0,100
1,5,20,80
2,11,0,100
6,29,4,92
2,10,22,78
2,10,22,78
2,12,18,73
2,18,6,82
2,10,22,78
2,11,0,100
2,10,22,78
2,11,0,100
5,28,0,96
3,11,11,89
2,10,22,78
2,8,14,71
2,10,22,78
2,10,22,78
6,32,4,89
5,28,21,75
9,48,2,85
3,22,10,85
3,15,8,92
1,7,14,86
4,22,5,89
2,10,22,78
4,18,27,73
5,33,3,93
4,28,4,96
2,16,7,87
5,24,5,95
2,10,22,78
1,4,25,75
2,10,22,78
1,5,20,80
1,7,14,86
5,25,5,95
3,15,8,85
1,5,0,100
10,44,6,83
2,10,22,78
2,18,6,88
6,34,7,86
2,10,22,78
3,11,11,89
5,39,3,97
2,10,22,78
2,10,22,78
2,11,0,90
3,9,14,71
11,45,6,83
5,40,6,89
1,6,17,67
1,4,25,50
2,10,22,78
1,7,14,86
1,8,12,75
14,78,2,92
2,19,6,94
1,8,12,88
2,10,22,78
2,10,22,78
9,40,6,88
2,10,22,78
5,36,12,88
2,15,7,93
10,59,2,96
1,5,20,80
2,13,8,83
6,36,23,77
3,20,17,78
2,10,22,78
2,10,22,78
2,10,22,78
5,25,5,90
3,19,6,94
2,14,8,92
2,8,29,71
2,8,14,71
4,23,5,95
2,12,9,82
2,10,22,78
2,10,22,78
2,10,22,78
2,10,22,78
2,10,22,78
2,10,22,78
2,10,22,78
2,10,22,78
2,10,22,78
2,10,22,78
7,41,3,91
1,4,25,75
2,10,22,78
2,17,6,94
2,8,14,86
2,10,22,78
4,21,11,89
2,10,22,78
1,13,8,85
11,50,2,98
11,52,0,93
2,13,8,92
2,10,22,78
2,9,25,62
2,10,22,78
2,10,22,78
2,10,22,78
11,50,5,92
2,10,22,78
5,27,4,96
6,34,3,97
4,25,5,95
11,50,2,88
2,11,10,90
9,56,2,92
3,15,8,85
2,14,8,85
2,10,22,78
2,12,9,82
2,9,12,88
8,38,3,97
2,10,22,78
2,10,22,78
3,12,10,90
9,51,9,88
5,31,4,96
9,46,5,92
2,10,22,78
1,7,14,86
2,13,8,83
2,10,22,78
6,32,0,100
3,10,12,88
6,35,3,97
2,13,17,67
10,53,5,86
10,56,2,89
7,34,4,93
12,61,0,94
4,26,0,100
3,13,9,91
2,10,22,78
2,10,22,78
2,10,22,78
6,22,6,94
2,8,14,71
2,7,0,83
2,12,9,82
2,10,22,78
2,14,8,85
4,23,5,90
3,20,6,94
2,10,22,78
2,10,22,78
3,15,0,100
2,10,22,78
2,10,22,78
2,10,22,78
5,28,4,88
2,10,0,100
2,10,22,78
5,26,5,91
4,30,4,96
13,66,0,100
3,17,7,93
11,48,3,89
2,13,8,92
4,25,5,91
2,10,22,78
6,31,4,92
6,33,4,93
2,9,25,75
3,18,6,88
3,17,7,87
2,10,22,78
2,13,0,100
6,29,0,100
11,46,19,72
2,7,17,83
4,24,5,95
2,8,29,71
2,10,22,78
2,10,22,78
2,15,14,86
3,11,11,89
2,11,20,80
2,10,22,78
2,10,22,78
3,18,6,94
10,49,5,85
6,29,4,96
3,11,11,67
4,27,4,75
2,10,22,78
1,8,12,75
13,59,2,91
2,10,22,78
9,50,2,93
15,65,0,92
10,48,3,95
6,34,3,93
2,10,22,78
3,11,11,89
2,11,10,90
2,10,22,78
2,13,0,100
2,14,8,85
2,10,22,78
3,17,7,93
3,16,7,86
4,14,9,91
2,10,22,78
3,18,12,88
2,7,17,83
7,31,4,96
3,20,6,94
2,11,10,90
2,13,8,92
4,26,4,96
3,11,11,89
8,43,0,97
2,10,22,78
10,45,6,78
9,59,2,96
9,37,7,90
2,10,22,78
2,14,8,92
5,25,5,90
2,10,22,78
4,27,4,88
2,8,29,71
1,9,11,89
1,8,12,75
7,38,3,94
2,10,22,78
4,24,5,90
3,10,12,88
7,37,0,100
1,4,25,75
6,37,3,97
3,15,8,85
10,48,5,85
2,12,9,82
8,34,4,93
2,10,22,78
10,48,3,87
2,10,22,78
1,7,14,86
2,10,22,78
5,25,10,90
1,7,14,86
2,10,22,78
5,30,4,88
6,28,4,96
2,10,22,78
3,14,8,92
2,10,22,78
2,10,22,78
3,15,23,77
3,18,6,94
3,11,11,89
2,10,22,78
2,10,22,78
2,12,9,91
2,8,14,71
2,12,18,82
2,16,7,80
2,10,11,67
2,12,9,82
1,5,20,80
3,13,9,91
3,16,0,100
9,42,3,94
2,8,29,71
2,10,22,78
9,63,2,93
4,23,5,90
11,58,2,92
2,13,8,92
2,8,29,71
5,23,11,89
3,14,0,100
18,88,6,89
2,8,14,71
4,18,7,87
2,11,10,90
11,56,4,87
2,10,22,78
2,10,22,78
2,8,14,71
2,10,22,78
2,10,22,78
2,16,7,93
2,10,22,78
2,11,0,100
5,27,0,100
4,25,100,0
6,34,3,93
1,7,14,86
2,13,8,92
2,10,22,78
2,10,22,78
2,8,14,71
2,10,22,78
6,30,4,84
2,14,8,85
2,10,11,89
3,16,14,71
10,42,6,82
2,10,22,78
2,10,22,78
2,9,12,75
2,10,22,78
2,10,22,78
2,10,22,78
4,26,17,78
2,10,22,78
3,28,4,92
2,10,22,78
4,18,7,93
2,10,22,78
4,21,11,89
2,10,22,78
2,13,8,92
3,16,7,93
2,10,22,78
2,10,22,78
2,10,22,78
4,15,0,100
4,24,0,100
2,10,22,78
11,51,2,90
11,55,2,98
3,13,9,82
2,12,9,82
4,27,4,83
3,20,6,89
2,7,17,83
2,10,22,78
3,19,18,82
14,73,2,93
10,41,0,88
4,19,6,88
2,8,14,71
5,20,0,100
6,32,4,96
13,67,0,95
1,4,25,75
2,8,0,100
2,10,22,78
5,27,0,100
3,22,15,85
2,10,11,89
2,9,12,75
3,21,11,89
2,10,22,78
2,10,22,78
2,10,22,78
1,6,17,50
2,10,22,78
4,17,7,93
2,10,22,78
3,16,7,93
2,16,13,87
2,10,22,78
2,10,22,78
6,25,0,100
2,10,22,78
2,9,25,75
2,8,29,71
7,30,4,92
2,12,9,91
8,37,0,90
10,62,2,98
2,8,14,86
4,17,7,79
3,20,6,94
7,39,6,91
13,67,4,89
4,16,8,92
6,25,0,90
2,10,22,78
10,55,7,85
2,10,22,78
2,14,0,100
2,10,22,78
3,15,8,85
2,9,12,88
8,37,3,97
5,28,0,92
7,32,4,92
2,10,22,78
2,16,0,100
2,11,10,80
2,10,22,78
10,54,4,87
2,10,22,78
2,10,22,78
2,10,0,100
2,10,22,78
2,10,22,78
2,10,22,78
2,10,22,78
2,10,22,78
2,10,22,78
2,10,22,78
2,11,0,100
7,43,6,86
1,3,33,67
2,10,22,78
2,12,9,91
2,10,22,78
2,10,22,78
4,27,17,75
3,13,9,82
10,46,5,84
2,10,22,78
5,25,5,95
2,10,22,78
4,19,6,94
2,8,14,71
2,11,20,80
1,5,0,100
10,58,2,96
3,22,5,95
2,12,9,82
2,13,8,92
14,63,4,88
2,10,11,78
6,36,3,94
3,23,5,95
2,10,22,78
3,16,7,93
6,32,4,96
2,10,22,78
2,10,22,78
12,57,4,93
6,33,4,93
5,25,5,95
2,10,22,78
2,10,22,78
2,8,29,71
2,8,29,71
12,64,4,83
1,4,25,75
3,18,6,88
2,10,22,78
3,17,20,80
9,48,0,88
2,10,22,78
5,29,4,92
2,10,22,78
1,6,0,100
2,10,22,78
1,7,14,86
2,8,29,71
11,45,9,83
2,10,22,78
1,5,20,60
2,10,22,78
5,26,5,95
2,10,22,78
2,10,22,78
2,10,22,78
9,46,11,76
9,55,9,89
3,18,6,94
2,10,22,78
4,25,5,95
2,7,17,83
2,10,22,78
2,10,22,78
4,23,5,90
9,45,3,92
10,49,5,82
2,10,22,78
2,10,22,78
2,10,22,78
13,66,4,89
11,54,0,91
5,25,5,95
2,8,29,71
5,22,28,72
1,4,25,75
10,49,8,82
3,22,5,95
2,10,22,78
2,10,22,78
2,10,22,78
3,20,6,94
1,9,11,89
2,10,22,78
2,10,22,78
13,60,4,85
5,26,5,91
2,10,22,78
2,8,29,71
8,36,3,97
2,10,22,78
5,26,5,91
2,10,22,78
2,7,17,83
1,7,0,100
2,8,29,71
1,9,11,89
2,11,10,90
7,54,2,98
2,8,14,71
6,33,7,89
2,10,22,78
2,10,22,78
2,10,22,78
2,8,14,86
2,10,22,78
2,11,20,80
2,10,22,78
2,10,22,78
18,91,4,93
2,10,22,78
2,10,22,78
1,7,14,86
6,43,3,86
1,5,20,60
10,59,4,86
2,11,10,90
2,14,8,85
2,10,22,78
3,16,7,79
2,12,9,91
2,13,8,92
2,10,11,89
2,8,29,71
6,32,7,93
2,10,22,78
2,13,17,83
3,18,6,94
2,8,14,86
6,33,0,100
2,10,22,78
2,10,22,78
5,33,3,83
2,10,22,78
1,13,8,92
1,6,17,67
2,8,29,71
2,13,8,92
2,8,14,71
4,22,5,89
8,49,2,95
2,10,22,78
2,8,29,71
2,8,29,71
2,10,22,78
2,8,29,71
2,8,0,86
9,49,5,90
4,15,8,92
2,10,22,78
2,10,22,78
11,49,0,90
2,10,22,78
2,13,8,92
2,8,29,71
2,10,11,89
2,10,22,78
7,31,4,96
10,54,2,96
3,19,18,82
2,10,22,78
2,10,22,78
2,11,10,90
4,24,5,86
2,11,20,80
2,10,22,78
2,8,29,71
2,10,22,78
2,10,22,78
2,10,22,78
5,31,7,93
4,24,5,95
2,15,7,71
2,8,0,100
4,23,5,95
4,18,13,87
2,10,22,78
2,10,22,78
2,10,22,78
2,11,20,80
2,8,29,71
2,10,22,78
9,44,3,94
3,12,20,80
2,10,22,78
2,10,22,78
2,8,29,71
2,10,11,89
2,10,22,78
8,42,3,97
2,10,22,78
9,55,89,0
2,16,13,87
2,8,14,71
1,4,0,100
2,10,22,78
12,58,4,89
2,10,22,78
1,10,10,80
9,46,3,89
2,17,6,88
4,24,5,95
2,9,12,75
2,10,11,89
2,10,22,78
2,8,29,71
2,10,22,78
12,49,3,89
2,8,29,71
3,15,8,92
3,16,21,79
2,10,11,89
9,45,8,86
1,7,100,0
2,10,22,78
2,11,20,80
3,15,8,92
2,9,25,75
1,4,25,75
2,10,22,78
2,10,22,78
2,10,22,78
4,15,8,92
2,11,10,90
2,10,22,78
2,10,22,78
1,6,17,67
2,10,22,78
11,51,2,98
2,10,22,78
2,10,22,78
2,14,15,77
3,20,6,89
9,36,0,100
2,10,22,78
2,11,20,80
5,21,6,94
2,10,22,78
6,25,5,95
2,11,20,80
3,17,7,86
2,10,22,78
7,36,100,0
3,18,6,88
6,28,4,87
2,10,22,78
1,7,14,86
2,8,29,71
2,8,29,71
10,49,2,98
2,8,29,71
2,12,9,82
2,10,22,78
2,10,22,78
2,10,11,89
2,8,29,71
5,23,5,89
2,10,22,78
2,10,22,78
2,12,9,82
2,10,22,78
2,10,22,78
10,53,5,86
2,8,14,86
2,10,22,78
9,57,6,94
2,10,22,78
2,9,25,75
3,17,7,93
2,10,22,78
2,10,22,78
5,28,4,96
6,35,3,90
2,10,22,78
5,24,5,95
2,10,22,78
2,10,22,78
2,10,22,78
2,10,22,78
3,12,10,90
2,10,22,78
2,10,22,78
2,10,22,78
2,10,22,78
2,10,22,78
1,4,25,75
2,11,20,80
2,8,29,71
8,35,0,100
2,10,22,78
3,15,8,92
2,10,22,78
2,10,11,78
2,16,0,93
2,12,9,91
9,30,0,68
2,10,11,78
5,31,4,89
10,48,3,97
2,15,7,86
10,54,4,84
2,10,22,78
2,10,22,78
2,10,22,78
2,8,29,71
10,60,2,96
3,11,11,89
5,30,4,96
4,18,7,80
2,13,8,92
2,10,22,78
6,25,5,95
2,10,22,78
1,12,8,92
2,10,22,78
3,17,7,87
2,10,22,78
2,8,29,71
3,18,6,94
2,14,8,85
9,44,8,92
9,41,9,91
2,10,22,78
10,59,2,88
5,23,5,95
3,16,21,79
2,10,22,78
2,10,22,78
2,10,22,78
4,18,13,87
2,13,17,83
2,11,20,80
3,11,0,100
4,24,5,95
2,10,22,78
5,33,3,97
2,10,22,78
2,10,22,78
2,8,14,71
2,8,29,71
2,11,10,80
1,10,0,100
4,16,8,85
2,11,10,90
4,18,13,87
2,10,22,78
10,53,2,98
2,10,22,78
9,40,6,88
5,38,3,94
1,14,7,93
2,15,7,93
2,10,22,78
4,20,6,94
2,10,22,78
8,36,3,90
2,10,22,78
1,6,17,83
7,32,4,92
2,10,22,78
2,8,29,71
2,10,22,78
8,44,3,97
2,9,12,75
2,10,22,78
17,84,4,90
1,4,25,75
6,30,4,96
2,10,22,78
2,10,22,78
3,16,7,93
4,20,6,94
3,13,9,82
2,8,29,71
2,10,22,78
18,97,5,95
2,10,22,78
1,8,12,75
3,16,7,93
2,10,22,78
12,59,2,90
11,49,3,97
2,10,22,78
10,51,2,88
2,10,22,78
2,10,22,78
1,6,17,67
2,14,0,92
2,10,22,78
6,27,5,91
1,6,17,67
2,10,22,78
2,10,22,78
1,7,14,86
2,8,29,71
4,19,6,94
2,10,22,78
3,10,12,75
2,10,22,78
1,5,20,80
2,13,8,83
2,11,20,80
2,10,22,78
2,10,22,78
3,14,8,75
3,20,11,89
2,10,22,78
3,20,6,94
2,10,22,78
7,39,3,94
3,12,10,90
2,10,22,78
5,30,4,96
2,8,29,71
2,10,22,78
3,11,44,56
2,8,29,71
2,11,10,90
2,10,22,78
5,28,4,96
2,13,0,100
7,31,4,96
2,10,22,78
10,55,11,80
1,7,14,86
2,17,6,94
6,28,4,96
5,35,6,90
10,39,0,80
2,8,29,71
2,10,22,78
6,28,4,96
3,16,7,93
2,10,22,78
2,10,22,78
2,10,11,78
2,10,22,78
4,23,5,90
4,24,5,90
14,77,2,92
2,10,22,78
7,38,6,91
10,51,5,83
4,26,4,96
2,10,22,78
11,43,6,82
2,9,25,75
2,8,29,71
2,10,22,78
2,10,22,78
2,10,22,78
5,24,5,95
2,8,29,71
2,10,22,78
2,10,22,78
4,20,6,88
2,10,22,78
1,12,8,92
2,10,22,78
10,47,5,89
2,10,22,78
2,10,22,78
4,18,7,93
10,51,7,83
2,10,22,78
2,10,22,78
2,10,11,89
6,26,5,90
10,44,6,80
2,8,29,71
4,22,5,89
2,10,22,78
4,27,4,83
2,10,22,78
3,16,7,86
2,10,22,78
14,69,2,93
8,39,3,97
2,10,22,78
2,10,22,78
4,25,5,91
2,8,29,71
3,14,25,75
2,8,29,71
2,10,22,78
2,11,10,90
3,17,7,93
2,10,22,78
5,34,3,93
8,57,16,80
2,10,22,78
2,11,20,80
2,10,22,78
2,11,20,80
2,8,29,71
7,30,4,96
3,17,7,87
2,10,22,78
2,8,29,71
2,10,22,78
2,10,22,78
2,12,9,91
2,8,14,71
2,12,9,73
2,10,22,78
2,8,29,71
3,18,6,94
10,49,2,92
2,10,22,78
4,18,0,100
2,18,12,82
2,10,22,78
4,21,6,83
2,10,22,78
13,65,0,100
2,10,22,78
2,10,22,78
2,10,22,78
2,10,22,78
2,11,20,80
2,10,22,78
2,10,22,78
2,10,22,78
3,12,10,90
5,24,5,95
2,10,22,78
3,13,100,0
5,32,4,96
1,4,25,75
5,28,8,88
11,54,2,89
2,10,22,78
2,11,20,80
2,10,22,78
5,20,13,80
2,10,22,78
2,10,22,78
3,11,11,89
2,16,7,87
2,10,22,78
2,5,25,50
2,7,0,100
2,14,8,85
2,10,22,78
2,9,25,75
2,11,10,90
2,11,10,90
2,12,18,82
2,10,22,78
3,10,12,75
2,10,22,78
2,18,6,94
2,7,33,67
2,10,22,78
2,10,22,78
2,8,29,71
2,10,22,78
2,8,29,71
2,10,22,78
2,10,22,78
2,8,14,86
3,14,8,92
2,10,22,78
2,10,22,78
2,10,22,78
2,10,22,78
2,10,22,78
6,30,4,92
8,48,5,90
2,8,29,71
2,10,22,78
2,10,22,78
2,10,22,78
6,27,5,95
3,15,0,100
11,47,3,89
2,10,22,78
2,10,22,78
3,17,7,93
2,8,14,71
2,10,22,78
5,27,0,100
2,8,29,71
5,29,4,92
2,10,22,78
4,20,6,94
6,27,5,86
7,38,3,97
1,8,12,75
4,32,14,83
10,49,2,98
3,13,9,73
2,12,9,82
2,10,22,78
2,8,29,71
2,10,22,78
1,8,12,88
2,9,12,88
2,10,22,78
2,9,12,75
2,9,12,75
2,10,22,78
8,40,6,85
2,11,20,70
2,10,22,78
2,10,22,78
2,10,22,78
2,10,22,78
2,10,22,78
2,10,22,78
2,10,22,78
10,44,3,97
2,8,29,71
2,13,8,92
8,52,5,86
2,10,22,78
3,11,11,89
2,10,22,78
11,60,0,94
2,10,22,78
2,10,22,78
3,23,5,95
2,10,22,78
2,10,22,78
2,10,22,78
2,10,22,78
5,21,6,94
2,10,22,78
2,9,25,75
2,10,22,78
2,10,22,78
2,10,22,78
2,7,0,100
2,8,29,71
3,19,6,82
9,47,3,95
2,8,29,71
2,10,22,78
6,36,0,97
2,11,10,90
10,53,2,98
2,10,22,78
1,3,0,100
2,11,20,80
10,50,29,59
4,16,8,92
2,11,20,80
2,10,22,78
2,8,29,71
2,10,22,78
2,10,22,78
2,10,22,78
5,28,0,100
4,19,6,94
19,111,1,98
2,10,22,78
2,10,22,78
2,10,22,78
3,11,11,78
10,46,5,95
2,10,22,78
2,10,22,78
2,10,22,78
3,14,100,0
2,10,22,78
7,35,7,86
2,10,22,78
8,45,0,95
2,10,22,78
2,10,22,78
5,35,3,94
4,19,6,94
2,10,22,78
2,10,22,78
2,10,22,78
2,11,10,90
2,10,22,78
2,10,22,78
11,53,2,98
2,10,22,78
7,39,6,91
2,10,22,78
4,19,6,88
1,5,20,80
2,14,8,77
2,12,9,82
2,10,22,78
2,11,20,80
2,10,22,78
2,11,10,80
2,11,10,90
2,10,22,78
5,24,5,95
3,13,9,91
2,10,22,78
2,10,22,78
2,10,22,78
2,10,22,78
2,10,22,78
5,24,5,90
2,10,22,78
2,10,22,78
2,10,22,78
2,10,22,78
2,10,22,78
2,8,29,71
7,47,5,88
5,20,12,81
2,10,22,78
2,10,22,78
2,10,22,78
2,10,22,78
2,10,22,78
2,12,9,91
2,10,22,78
2,10,22,78
2,10,0,100
2,10,22,78
2,10,22,78
2,10,22,78
2,10,22,78
2,10,22,78
2,10,22,78
2,10,22,78
1,12,0,100
6,43,0,84
2,10,22,78
2,8,29,71
2,10,22,78
2,10,22,78
2,10,22,78
2,10,22,78
2,10,22,78
2,10,22,78
2,10,22,78
1,4,25,75
2,10,22,78
2,10,22,78
2,10,22,78
2,10,22,78
2,13,17,83
2,8,29,71
2,12,9,91
5,32,4,93
2,10,22,78
2,10,22,78
2,8,29,71
2,10,22,78
2,10,22,78
2,9,25,75
2,10,22,78
3,11,11,89
1,7,14,86
2,9,0,100
2,10,22,78
2,10,22,78
2,10,22,78
2,10,22,78
2,10,22,78
2,10,22,78
2,10,22,78
2,10,22,78
2,10,22,78
2,10,22,78
2,10,22,78
2,10,22,78
2,10,22,78
3,19,6,94
2,8,29,71
2,10,22,78
7,37,16,84
2,10,22,78
2,10,22,78
2,10,11,78
2,10,22,78
2,10,22,78
2,10,22,78
2,9,25,75
4,20,6,88
2,10,22,78
2,10,22,78
2,9,25,75
2,10,22,78
2,10,22,78
2,10,22,78
2,10,22,78
2,10,22,78
5,31,15,85
2,10,22,78
2,10,22,78
2,10,22,78
3,13,9,73
2,10,22,78
2,10,22,78
2,10,22,78
2,10,22,78
2,10,22,78
2,10,22,78
2,10,22,78
2,8,29,71
2,10,22,78
2,10,22,78
3,17,7,87
9,46,3,95
4,20,6,94
2,10,22,78
2,10,22,78
2,8,29,71
2,10,22,78
2,8,29,71
3,22,75,0
2,10,22,78
13,61,4,88
2,10,22,78
3,16,7,93
2,10,22,78
2,10,22,78
2,10,22,78
3,11,44,44
2,10,22,78
2,8,29,71
2,11,20,80
2,10,22,78
4,25,5,91
3,18,6,94
2,10,11,89
1,5,20,80
2,10,22,78
2,10,22,78
2,10,22,78
2,10,22,78
2,10,22,78
2,10,22,78
3,9,14,86
2,10,22,78
2,10,22,78
3,17,7,93
2,10,22,78
3,11,11,89
1,7,14,86
4,34,10,84
2,10,22,78
2,11,10,90
2,10,22,56
2,10,22,78
2,10,22,78
1,6,17,67
2,12,9,82
3,18,6,88
2,10,22,78
2,10,22,78
2,10,22,78
12,47,3,86
7,32,4,88
2,10,22,78
2,10,22,78
2,10,22,78
1,5,20,80
2,10,22,78
2,10,22,78
2,10,22,78
2,11,20,80
2,10,22,78
9,46,3,95
2,10,22,78
3,21,5,95
2,10,22,78
2,10,22,78
2,10,22,78
2,10,22,78
5,38,6,91
2,10,22,78
10,57,4,88
2,10,22,78
2,12,9,91
2,10,22,78
2,12,9,73
2,10,22,78
4,23,15,85
26,121,3,92
6,35,3,97
2,10,22,78
2,10,22,78
2,10,22,78
5,27,9,83
2,10,22,78
2,10,22,78
5,21,0,100
4,23,100,0
5,22,94,0
10,70,3,93
4,19,12,88
4,20,24,76
3,15,8,92
4,21,6,94
2,8,29,71
5,18,0,100
5,24,5,95
5,27,4,96
13,46,3,88
3,17,7,87
2,9,25,75
1,12,8,92
6,25,5,70
2,10,22,78
2,10,22,78
2,11,20,80
10,51,5,86
9,44,3,97
10,49,5,85
2,10,22,78
11,73,6,89
2,10,22,78
3,21,16,84
1,4,25,75
6,30,4,96
8,37,3,97
2,12,9,64
2,8,29,71
2,11,20,80
2,10,22,78
2,8,29,71
10,50,5,88
1,12,8,92
2,10,22,78
2,10,22,78
2,8,29,71
2,8,29,71
2,10,22,78
6,28,0,96
1,4,0,100
2,11,20,80
2,10,22,78
2,10,22,78
12,48,5,86
2,10,11,89
1,9,11,78
2,11,20,80
2,8,29,71
5,29,4,96
1,12,8,92
4,25,14,82
1,4,0,100
4,16,0,100
1,7,86,0
2,10,22,78
4,14,9,91
4,29,4,85
10,45,3,86
10,42,3,94
2,10,22,78
2,10,22,78
3,29,4,81
7,34,4,96
2,10,22,78
9,49,2,95
5,35,3,97
4,26,0,87
1,3,33,67
3,12,20,70
2,11,20,80
1,10,10,90
5,26,9,82
4,21,6,94
2,9,25,75
2,14,15,85
2,12,18,73
5,32,4,93
2,10,22,78
2,8,29,71
4,23,5,95
4,25,5,95
2,11,20,80
1,5,20,80
2,9,25,75
3,16,7,86
2,10,22,78
5,29,8,92
2,10,22,78
1,7,14,86
16,70,4,89
3,16,0,100
2,10,22,78
2,10,22,78
2,11,20,80
3,10,38,50
2,8,29,71
3,19,6,88
2,9,25,75
8,40,3,97
2,10,22,78
2,10,22,78
1,7,14,86
3,16,7,93
2,10,22,78
2,9,25,75
2,8,14,71
1,5,20,80
5,16,8,92
2,10,22,78
2,8,29,71
2,8,29,71
11,72,0,85
2,10,22,78
2,10,22,78
2,8,29,71
2,10,22,78
2,10,22,78
2,8,29,71
2,8,29,71
2,10,22,78
16,83,3,91
3,18,6,94
3,20,0,100
2,17,6,94
13,78,3,91
2,8,29,71
12,55,0,100
2,13,8,83
17,84,1,91
5,28,4,96
2,8,29,71
2,8,29,71
4,22,21,74
3,22,20,80
2,11,20,80
2,9,25,75
10,47,5,84
1,2,0,0
4,21,6,61
5,22,6,94
4,17,7,86
4,22,0,100
8,53,17,83
2,19,11,89
1,4,25,50
9,59,2,98
9,63,2,91
5,26,5,91
9,47,18,74
8,56,4,82
7,36,3,93
4,24,5,90
4,33,3,93
3,18,6,94
8,47,5,90
3,18,6,94
2,18,12,88
6,31,4,88
10,65,5,91
3,17,7,87
6,35,3,90
6,34,3,90
5,35,6,90
2,7,17,83
6,30,4,96
3,29,4,85
2,10,11,67
8,35,7,85
8,40,3,88
6,33,100,0
3,17,20,80
18,88,3,93
3,18,6,94
3,20,11,83
4,23,100,0
5,35,3,94
9,45,0,97
3,17,7,93
17,87,3,92
3,25,4,91
6,35,3,97
3,13,45,55
3,19,6,88
12,49,3,89
7,34,4,82
3,19,6,94
3,12,10,80
4,22,5,95
12,58,4,87
7,40,3,97
6,32,4,96
4,20,6,88
6,34,3,97
22,119,2,91
6,35,20,77
6,33,4,93
3,24,5,95
12,62,2,92
4,29,4,96
4,17,7,86
9,51,5,91
13,55,5,88
3,23,5,95
3,14,25,75
4,21,6,94
2,9,12,88
3,18,19,81
3,17,7,87
2,12,9,82
3,17,7,93
19,87,1,93
1,5,20,80
5,22,6,89
2,15,7,57
4,26,13,83
6,31,8,88
6,36,3,87
5,28,4,75
4,19,6,94
7,43,8,84
2,10,11,89
13,72,2,90
2,15,14,86
10,47,3,84
8,41,3,85
2,11,20,60
2,12,18,73
2,15,7,93
3,20,6,94
11,49,3,90
6,32,4,96
4,22,84,0
6,35,3,97
9,38,3,93
13,63,4,88
3,11,11,89
2,11,10,90
2,14,8,92
6,28,9,87
5,37,6,82
6,36,3,97
4,24,5,86
1,5,20,80
6,30,4,96
3,18,6,94
2,10,22,78
2,11,20,80
2,10,22,78
8,38,26,71
2,11,10,90
11,44,3,88
11,56,2,96
4,26,4,91
2,10,22,78
2,14,8,92
8,38,3,97
4,16,8,92
2,11,10,80
4,22,11,68
2,10,22,78
2,11,20,50
2,12,0,100
2,12,9,91
9,52,2,93
2,12,9,82
6,30,4,96
2,10,22,78
2,15,14,79
2,12,9,91
6,29,4,96
7,40,3,97
11,64,2,91
4,32,3,93
5,26,5,86
2,10,22,78
3,18,19,81
5,33,3,97
2,11,20,80
3,10,12,88
5,28,4,92
2,10,22,78
1,7,14,86
7,32,4,96
3,17,7,93
1,10,10,80
2,10,22,78
2,10,22,78
12,56,2,96
2,10,22,78
2,12,9,91
4,28,4,84
1,1,0,0
3,18,6,94
2,11,20,80
2,10,22,78
5,38,3,94
2,16,13,87
4,28,4,96
3,10,100,0
3,19,6,94
4,30,4,93
2,10,22,78
4,26,4,96
2,11,20,80
7,38,3,91
1,4,25,75
10,52,7,84
2,10,22,78
2,8,29,71
1,11,9,82
2,10,22,78
2,9,12,75
4,21,6,94
16,78,0,100
2,10,22,78
2,10,22,78
2,9,12,88
3,28,4,92
2,10,22,78
3,19,0,100
6,33,4,96
2,8,14,71
1,9,11,89
1,10,10,90
1,11,9,91
2,13,8,83
4,22,5,89
2,10,22,78
6,29,4,96
2,10,22,78
2,10,22,78
3,19,18,82
2,10,22,78
2,10,22,78
2,13,8,83
15,74,2,95
2,12,9,82
2,10,22,78
2,11,20,80
2,10,22,78
5,29,16,84
6,36,3,94
2,10,22,78
2,13,8,92
2,10,22,78
7,33,4,96
5,25,5,95
3,21,5,95
2,8,29,71
2,11,0,100
10,49,2,88
3,18,6,94
2,9,25,75
2,10,22,78
2,11,0,100
2,12,0,91
6,25,0,90
2,13,8,92
11,56,2,91
2,9,25,75
3,11,11,89
2,10,22,78
2,12,18,64
4,22,5,95
2,12,9,82
1,7,14,86
1,5,0,100
5,24,5,90
5,23,21,79
3,20,6,94
13,57,2,91
2,11,20,80
10,47,5,82
4,18,7,93
4,19,6,94
5,26,9,86
7,38,3,91
2,10,22,78
2,10,22,78
4,17,7,93
2,11,20,80
2,10,22,78
1,6,17,83
6,30,4,96
3,11,11,89
2,10,22,78
5,21,6,94
2,10,22,78
2,10,22,78
2,9,25,75
3,17,7,93
11,57,2,91
2,10,22,78
2,10,22,78
3,11,0,100
2,10,22,78
4,22,5,89
2,10,22,78
2,8,29,71
1,9,0,100
2,10,11,89
4,25,5,77
2,10,22,78
2,10,22,78
2,10,22,78
4,21,0,89
15,89,3,95
2,10,22,78
2,10,22,78
2,10,22,78
2,11,20,80
2,10,22,78
4,20,6,94
4,21,6,94
2,7,0,83
1,7,0,100
2,10,22,78
2,10,22,78
5,30,4,96
2,10,22,78
2,10,22,78
7,35,7,90
2,10,22,78
2,10,22,78
2,10,22,78
2,10,22,78
2,10,22,78
2,10,22,78
2,9,25,75
2,10,22,78
2,8,29,71
2,10,22,78
1,10,30,0
2,12,0,91
3,14,8,92
6,34,3,97
5,25,14,86
15,87,4,89
5,39,3,97
6,31,23,73
6,31,4,96
3,17,7,93
1,4,25,75
22,120,18,72
3,11,11,89
4,29,31,62
5,32,4,93
25,126,3,94
3,24,5,82
4,24,5,90
4,16,0,100
3,17,7,93
7,48,2,95
2,12,18,73
10,44,3,94
7,39,3,91
6,30,4,84
5,36,3,94
4,20,6,76
6,24,26,74
9,59,20,73
13,64,2,94
4,27,4,92
3,18,6,94
2,9,25,75
7,46,2,98
10,53,7,91
5,23,5,95
6,30,4,84
9,52,0,100
4,20,24,59
3,21,5,79
5,41,97,0
1,10,10,90
4,25,5,82
5,31,19,78
13,77,2,98
5,21,6,88
3,19,6,94
12,61,4,94
9,60,2,94
6,42,14,86
2,14,8,85
3,16,7,93
2,27,4,92
3,12,20,70
4,25,0,100
12,67,4,82
10,50,20,71
2,10,11,89
11,51,5,90
3,17,7,93
5,23,5,95
4,17,21,79
6,38,3,97
4,20,6,88
13,57,0,93
