09/5/2018,3,328
02/6/2018,1,514
10/30/2016,5,5,353
05/4/2018,5,136
06/30/2018,1,221
03/26/2018,5,282
04/27/2018,3,77
11/22/2018,1,44
04/27/2018,2,55
03/1/2018,1,169
12/29/2017,1,1,298
09/2/2018,1,34
09/14/2018,1,28
04/23/2018,1,202
12/23/2016,5,254
04/6/2018,1,44
03/25/2018,4,27
10/25/2018,1,18
08/18/2018,5,15
03/15/2018,5,27
09/14/2016,5,1,255
05/1/2017,1,531
12/13/2017,3,19
01/19/2018,2,14
05/31/2018,5,9
11/24/2018,1,8
01/27/2018,2,21
10/26/2017,5,10
09/5/2017,2,54
09/28/2017,3,18
12/2/2018,1,6
07/6/2018,5,7
10/10/2018,1,9
07/9/2018,3,8
05/3/2018,1,22
01/31/2018,2,9
11/5/2018,1,6
10/22/2018,4,3
08/9/2017,5,8
09/3/2017,5,7
11/9/2017,2,17
12/20/2018,3,2
02/12/2019,1,2
01/19/2019,1,4
07/3/2018,1,7
10/24/2018,2,2
06/13/2018,4,4
12/28/2016,1,239
11/28/2017,1,29
09/13/2017,2,13
01/16/2019,5,1
06/2/2017,1,312
12/29/2018,5,2
10/8/2018,1,5
12/25/2018,4,2
08/25/2017,4,4
10/31/2017,4,3
10/18/2018,2,4
09/11/2018,5,2
03/9/2018,1,18
07/11/2018,5,1
01/31/2019,1,2
11/28/2018,5,1
03/5/2019,1,1
10/8/2018,1,4
08/27/2018,1,5
03/19/2018,3,15
12/30/2018,5,1
11/29/2018,1,3
11/16/2018,2,1
02/2/2019,1,2
09/4/2018,4,1
03/11/2018,3,3
01/4/2019,5,1
03/2/2019,5,2
08/23/2018,5,1
06/26/2018,5,2
12/27/2018,1,3
11/1/2017,5,2
08/11/2018,5,0
03/2/2018,3,3
07/28/2018,2,6
12/26/2018,2,2
01/17/2019,1,4
04/1/2018,5,4
08/22/2018,3,2
06/27/2017,5,5
02/23/2017,1,335
02/15/2019,5,0
10/6/2018,5,1
05/29/2017,5,13
02/15/2019,5,1
09/12/2017,5,1
09/24/2017,2,5
03/5/2019,2,0
11/24/2018,1,3
12/27/2018,3,2
08/31/2017,3,6
09/29/2018,4,2
11/12/2018,1,3
06/22/2017,5,3
02/9/2019,3,2
01/29/2019,3,1
01/19/2019,4,0
01/24/2019,5,0
02/13/2018,2,4
01/6/2017,2,30
08/1/2018,1,7
08/19/2017,3,3
01/7/2019,4,1
05/16/2018,4,1
07/5/2018,5,1
01/20/2018,3,169
08/5/2018,1,4
07/17/2018,3,4
11/8/2017,4,1
11/12/2017,3,4
02/20/2019,5,1
08/5/2018,5,1
02/22/2019,4,1
12/4/2018,5,0
03/21/2019,5,0
07/16/2018,5,0
04/22/2018,1,9
11/7/2017,5,2
09/5/2017,5,2
05/8/2018,5,7
02/24/2018,3,2
02/14/2018,3,2
10/23/2017,5,1
01/7/2018,5,1
10/28/2018,5,0
03/21/2018,4,1
02/12/2019,5,0
01/30/2018,2,32
04/16/2018,4,1
03/27/2018,5,0
05/9/2018,1,30
05/23/2018,5,1
09/6/2018,5,0
09/7/2017,5,41
08/20/2017,5,2
08/9/2018,4,0
10/20/2018,3,1
01/18/2019,1,2
06/19/2017,2,108
07/11/2018,3,3
01/6/2019,3,1
01/1/2018,4,2
10/18/2018,1,3
12/22/2018,2,1
11/13/2017,1,20
11/22/2018,5,0
03/18/2019,5,0
03/5/2019,5,0
12/2/2018,3,2
08/7/2018,5,0
01/13/2018,5,1
09/14/2017,5,2
09/3/2017,5,1
02/2/2017,3,9
09/6/2017,4,1
10/24/2017,4,0
03/27/2018,5,0
05/17/2018,5,1
08/15/2018,2,1
01/26/2019,1,3
07/2/2018,2,1
12/14/2017,3,3
05/27/2018,3,2
02/16/2019,5,1
12/6/2016,5,2
12/8/2018,5,0
12/24/2017,4,2
03/7/2018,5,1
01/10/2019,5,0
02/3/2018,5,0
11/12/2017,2,1
05/21/2017,2,10
02/28/2019,4,0
01/21/2018,4,0
01/6/2019,3,1
03/18/2018,5,0
03/28/2018,2,3
03/31/2018,2,3
03/6/2019,5,0
10/5/2018,5,0
10/31/2017,5,0
10/13/2018,5,0
10/21/2018,1,1
06/2/2017,5,3
06/22/2018,5,0
09/8/2017,5,2
04/3/2018,5,1
04/27/2018,5,0
12/6/2017,4,2
04/23/2018,2,2
08/14/2017,3,15
08/13/2018,5,0
06/2/2017,5,3
10/21/2017,4,1
09/13/2017,5,1
11/29/2018,1,2
01/6/2019,5,0
11/30/2017,5,6
08/7/2018,5,0
02/16/2019,5,0
03/6/2019,3,0
08/5/2017,4,1
02/12/2019,5,0
07/20/2018,5,0
03/5/2019,1,0
01/9/2018,2,3
06/20/2018,1,8
03/26/2017,4,10
11/6/2017,5,1
12/7/2017,5,1
12/27/2017,5,1
09/4/2018,5,0
04/13/2018,3,1
12/2/2016,5,1
09/14/2018,5,0
10/3/2017,5,1
11/27/2018,5,2
10/31/2017,5,1
06/24/2017,5,2
01/13/2019,4,0
10/6/2018,5,0
11/23/2017,5,1
12/4/2018,5,0
10/27/2018,5,0
04/27/2018,2,1
04/13/2018,5,0
05/30/2018,3,1
05/16/2018,5,1
09/4/2018,5,0
09/21/2017,4,1
02/2/2017,5,1
04/21/2018,5,4
01/14/2018,3,2
12/29/2017,5,2
10/6/2018,5,0
10/12/2017,5,1
01/12/2018,5,1
02/21/2018,5,0
01/30/2019,3,1
01/10/2018,2,3
09/6/2018,3,1
01/1/2017,5,2
05/17/2018,5,1
10/25/2017,5,0
05/10/2018,5,0
08/15/2018,4,1
03/21/2018,5,2
04/28/2018,5,1
03/30/2018,2,2
03/10/2018,5,0
06/25/2018,4,0
09/14/2017,5,1
06/26/2017,5,1
10/27/2018,5,1
01/4/2018,2,4
08/12/2018,4,0
06/13/2017,5,8
02/9/2019,5,0
11/28/2017,5,1
02/27/2018,5,0
11/19/2018,3,1
07/21/2018,4,0
10/12/2018,3,1
01/15/2019,3,0
11/7/2018,4,0
05/20/2017,3,5
11/25/2018,5,0
07/28/2018,4,0
01/2/2019,5,1
07/4/2018,1,4
09/7/2017,5,1
09/4/2017,5,1
09/27/2018,5,0
09/4/2017,5,1
08/13/2017,1,510
05/7/2017,5,2
09/27/2017,5,1
08/19/2018,5,0
09/6/2018,5,0
10/13/2018,5,0
05/16/2018,5,1
02/18/2019,5,0
06/14/2018,5,0
09/22/2017,5,1
10/24/2017,4,1
03/25/2018,5,0
11/10/2017,5,1
08/11/2018,5,0
03/20/2018,1,15
02/18/2017,5,2
01/4/2018,3,2
04/17/2018,5,0
04/26/2017,5,1
03/15/2019,1,0
01/18/2018,5,1
12/28/2016,4,1
05/26/2018,4,0
08/21/2017,4,1
12/30/2018,5,0
08/29/2018,5,0
11/20/2017,5,1
01/12/2017,4,1
02/1/2018,5,1
12/26/2018,4,0
12/1/2016,4,1
12/18/2018,5,0
01/1/2018,5,1
01/11/2019,4,0
05/3/2018,2,11
01/2/2019,3,1
10/15/2017,5,1
10/22/2018,3,1
01/5/2018,1,13
09/11/2018,5,0
11/30/2017,4,4
06/24/2017,2,7
02/23/2018,5,5
01/29/2018,5,0
05/21/2017,2,6
10/26/2017,5,1
06/10/2018,5,0
09/20/2018,4,0
05/30/2018,5,1
01/2/2019,5,0
01/7/2018,5,0
01/15/2018,4,0
01/17/2019,5,0
04/27/2018,5,1
11/30/2017,5,1
11/27/2018,4,0
01/21/2018,5,1
10/20/2018,3,1
05/15/2018,5,1
01/12/2017,4,1
08/19/2017,5,1
12/2/2016,5,1
08/8/2018,5,0
11/13/2017,5,1
06/25/2018,4,0
03/29/2018,5,1
02/24/2018,5,0
01/16/2017,5,1
03/16/2019,1,1
01/13/2017,5,3
08/7/2018,5,0
04/26/2017,4,3
02/19/2018,5,0
01/13/2018,5,1
10/10/2016,4,1
09/22/2016,5,13
01/11/2019,5,0
01/7/2018,5,1
12/17/2018,4,0
04/19/2018,5,0
12/26/2017,5,1
12/31/2017,5,1
01/27/2018,5,0
05/3/2017,4,2
01/11/2017,5,1
11/23/2017,5,1
11/26/2017,3,1
04/30/2018,5,0
09/27/2018,4,0
08/21/2017,5,1
04/2/2018,4,0
10/13/2018,2,2
11/2/2017,2,6
10/30/2016,4,3
08/20/2017,4,1
04/29/2018,5,1
12/23/2017,5,1
08/8/2017,4,1
08/9/2017,3,1
12/9/2017,5,1
04/6/2018,4,0
05/1/2018,3,2
09/14/2017,5,1
01/7/2017,5,6
12/17/2018,5,0
08/3/2018,3,0
08/1/2018,2,1
10/27/2017,4,1
03/15/2019,1,1
08/6/2018,5,0
03/27/2018,5,0
12/31/2018,5,0
02/5/2017,5,22
02/24/2019,5,0
11/20/2016,5,1
03/14/2019,5,0
05/22/2018,5,0
01/2/2018,5,0
01/6/2018,3,1
09/9/2018,5,1
02/5/2019,5,0
09/7/2018,5,0
05/15/2018,5,1
05/31/2018,5,1
09/17/2017,3,2
01/31/2018,5,0
09/2/2017,5,1
12/2/2016,5,3
11/3/2017,5,0
10/4/2017,5,1
04/8/2017,5,5
02/15/2018,5,1
11/11/2018,5,0
01/13/2017,5,1
09/23/2017,4,1
12/22/2018,5,0
10/20/2017,5,1
06/10/2018,5,0
04/24/2018,5,0
04/18/2018,5,0
06/27/2018,5,0
08/25/2017,5,1
07/7/2018,3,0
09/19/2016,4,1
09/10/2017,5,1
04/22/2018,5,0
03/1/2018,5,0
01/31/2019,5,0
11/5/2018,3,0
07/4/2018,5,1
10/11/2017,5,1
10/9/2018,5,0
11/14/2018,2,0
10/22/2018,5,0
11/16/2017,5,1
12/1/2017,5,1
12/6/2018,4,0
12/1/2018,5,0
08/28/2018,5,0
01/4/2018,2,4
11/11/2018,5,0
03/26/2018,5,0
10/31/2017,5,1
04/12/2018,5,0
05/30/2018,5,1
09/29/2017,5,1
02/16/2018,5,0
12/26/2018,5,0
11/21/2018,4,0
11/29/2017,5,1
12/20/2017,5,1
08/20/2017,4,1
07/27/2018,5,0
12/27/2017,5,1
11/20/2018,5,0
01/23/2019,5,0
06/30/2018,5,0
12/15/2017,5,1
06/13/2018,5,0
09/17/2017,5,1
02/11/2019,5,0
02/10/2018,3,1
03/20/2018,5,0
08/15/2017,5,1
03/22/2019,4,0
07/7/2018,5,0
03/20/2018,5,0
09/5/2017,5,1
04/16/2018,5,0
07/14/2017,5,4
03/26/2018,5,0
08/7/2017,5,1
07/10/2018,5,0
08/19/2018,5,0
01/4/2019,5,0
01/20/2018,4,1
09/21/2017,5,1
12/26/2018,5,0
03/15/2019,3,0
02/14/2017,5,2
08/16/2018,5,1
06/30/2018,5,0
12/13/2016,5,1
03/4/2018,5,1
05/28/2018,4,0
09/23/2018,5,0
12/24/2018,5,1
06/23/2018,5,0
05/3/2017,5,3
10/31/2018,5,0
03/23/2017,5,1
04/18/2018,5,0
12/26/2018,3,1
03/13/2018,5,0
10/12/2017,4,1
04/17/2017,4,211
08/29/2017,4,1
10/15/2017,5,1
05/28/2018,5,0
03/13/2017,4,2
09/15/2017,5,1
05/20/2017,5,3
12/17/2017,5,1
02/19/2017,4,1
08/9/2017,5,5
10/4/2017,5,1
01/29/2019,5,0
01/18/2018,5,0
12/19/2016,4,2
11/8/2018,5,0
08/26/2018,4,0
08/2/2018,5,0
08/8/2017,5,1
09/18/2017,5,1
02/15/2017,5,2
09/7/2018,5,0
01/28/2019,1,0
01/3/2017,4,1
12/2/2018,1,1
01/22/2018,5,0
11/1/2018,5,0
05/9/2018,2,7
02/5/2019,5,0
06/18/2018,5,1
04/9/2017,5,3
05/30/2018,5,0
05/11/2018,5,0
12/15/2017,4,1
03/6/2019,4,0
03/11/2019,4,0
02/7/2018,5,0
01/23/2019,5,0
05/25/2017,5,3
03/26/2017,5,1
10/29/2018,5,0
05/8/2017,5,2
03/17/2018,3,1
10/23/2018,5,0
01/15/2018,5,0
10/3/2017,5,1
02/26/2017,5,2
05/19/2017,5,14
10/12/2018,5,0
08/2/2017,5,1
10/5/2017,5,1
02/10/2018,4,0
01/25/2017,4,0
05/24/2017,5,3
07/11/2018,3,0
02/14/2019,3,0
02/26/2018,4,0
12/27/2018,5,0
02/18/2019,4,0
09/20/2017,5,1
10/23/2017,4,1
03/19/2019,5,0
12/26/2016,5,2
02/19/2018,5,0
02/23/2018,5,0
12/27/2018,5,0
12/15/2018,1,1
03/14/2018,5,0
10/31/2017,5,1
04/15/2018,1,53
01/24/2017,4,2
01/31/2018,5,0
09/9/2018,4,0
04/17/2018,4,0
03/20/2019,5,0
05/17/2018,5,1
04/26/2017,2,9
01/11/2019,4,0
12/7/2017,5,0
08/30/2017,5,1
03/10/2018,4,0
01/4/2019,4,0
10/6/2018,1,1
10/31/2017,5,1
03/7/2019,4,0
10/22/2016,5,41
12/18/2016,5,0
05/21/2017,3,11
05/27/2018,5,0
10/30/2018,5,0
12/19/2017,5,1
01/12/2018,5,1
03/14/2019,5,0
03/1/2018,2,2
06/11/2018,5,0
07/20/2018,5,0
02/9/2019,5,0
07/25/2018,5,0
05/25/2018,5,0
11/23/2018,5,0
09/23/2016,5,1
11/16/2018,5,1
12/12/2018,5,0
04/3/2018,5,1
03/12/2018,5,0
03/19/2019,1,0
01/26/2018,5,0
03/16/2018,5,0
12/31/2016,5,1
04/29/2018,5,1
02/28/2018,5,0
12/10/2017,2,4
05/16/2018,5,1
01/17/2018,5,0
03/16/2019,5,0
09/29/2018,5,0
11/13/2016,5,0
10/10/2017,5,1
02/26/2017,5,2
03/22/2018,4,0
02/15/2017,5,0
01/6/2017,5,1
04/28/2018,5,0
08/15/2017,5,1
02/17/2018,5,0
11/27/2018,5,0
11/9/2017,5,1
08/27/2018,5,0
10/18/2017,5,1
05/31/2018,5,0
07/28/2018,5,0
02/16/2019,5,0
01/10/2018,5,1
06/28/2018,4,0
11/7/2018,5,0
12/28/2018,5,0
04/25/2017,1,128
10/16/2017,5,1
01/14/2019,5,0
09/7/2017,5,1
03/11/2018,5,0
10/28/2018,5,0
03/31/2018,2,1
12/21/2017,5,1
08/11/2017,4,3
03/15/2019,5,0
03/11/2019,1,0
03/13/2019,5,0
01/24/2018,5,0
11/1/2018,5,0
01/11/2018,5,1
09/11/2018,5,0
05/27/2018,5,0
08/30/2017,5,1
09/27/2018,5,0
02/12/2017,4,2
03/12/2018,5,0
06/5/2017,2,7
02/9/2019,5,0
10/13/2018,5,0
01/4/2017,5,2
12/1/2018,5,0
12/7/2017,5,1
09/17/2017,4,1
08/9/2018,4,0
10/3/2016,5,25
10/31/2017,5,1
02/24/2018,5,0
10/27/2017,5,1
03/20/2018,5,0
08/1/2018,5,0
09/7/2017,4,1
07/20/2018,5,0
05/14/2017,5,3
05/19/2017,5,1
08/13/2018,5,0
08/8/2018,5,0
09/5/2018,5,0
04/24/2017,5,2
09/10/2018,4,0
12/27/2018,4,0
03/9/2018,4,0
11/13/2018,5,0
05/15/2018,5,1
01/23/2017,5,1
09/19/2018,5,0
08/2/2018,5,0
02/2/2018,5,1
08/12/2018,5,0
04/18/2017,5,2
03/6/2018,4,0
09/11/2017,5,2
03/19/2018,3,2
04/18/2017,5,1
08/15/2017,3,1
07/30/2018,4,0
06/6/2018,5,0
03/2/2019,5,0
05/19/2017,5,2
08/29/2018,4,0
01/19/2017,5,1
03/11/2019,3,0
09/18/2018,5,0
04/22/2018,5,0
09/5/2018,2,0
03/1/2017,5,1
04/4/2018,5,0
01/6/2019,4,0
04/4/2017,5,2
12/27/2018,5,0
05/27/2018,5,0
01/4/2017,5,0
11/5/2017,5,1
08/3/2018,5,0
09/11/2017,4,1
03/17/2019,5,0
12/15/2017,5,1
03/5/2018,4,1
12/31/2017,5,1
03/11/2019,5,0
10/22/2018,5,0
03/9/2018,5,0
02/2/2018,5,1
06/28/2018,5,0
08/5/2017,5,0
01/19/2019,1,2
12/5/2017,5,0
03/22/2019,4,0
05/4/2018,5,1
09/22/2017,5,1
03/23/2018,5,0
08/2/2018,5,0
01/31/2018,2,1
10/16/2017,5,1
01/6/2018,5,0
04/9/2018,5,0
01/11/2017,5,1
03/20/2018,5,0
01/31/2017,4,0
07/6/2018,5,0
04/1/2018,5,1
09/3/2017,5,1
02/1/2019,5,0
02/13/2017,5,2
11/10/2018,5,0
07/4/2018,5,0
10/26/2017,5,1
07/21/2017,5,1
11/27/2018,4,0
10/20/2017,5,1
09/11/2018,5,0
07/5/2018,5,1
03/2/2019,5,0
02/25/2019,4,0
11/11/2018,5,0
01/30/2017,5,1
06/28/2017,5,2
03/30/2018,5,0
11/8/2018,5,0
12/6/2017,5,1
03/4/2019,4,0
11/8/2018,5,0
03/7/2017,5,1
08/23/2017,5,1
09/28/2016,5,1
01/15/2019,3,0
04/30/2018,5,0
06/19/2018,5,0
09/25/2017,5,1
08/6/2017,5,1
01/5/2018,5,0
11/28/2018,5,0
05/21/2018,5,0
09/10/2017,4,1
08/1/2018,5,0
01/16/2018,5,0
10/24/2018,5,0
03/18/2018,5,0
08/4/2017,5,1
11/22/2017,5,2
01/2/2018,5,1
07/31/2018,5,0
10/17/2018,5,0
02/6/2019,5,0
11/27/2018,5,0
09/15/2017,5,1
08/12/2018,5,0
08/4/2017,5,1
09/22/2018,1,1
04/9/2018,4,0
02/5/2017,5,8
11/18/2018,5,0
05/16/2017,5,1
11/1/2016,4,2
09/20/2018,5,0
03/18/2018,4,0
03/19/2019,1,0
09/2/2017,2,1
04/9/2018,5,0
05/20/2017,4,1
08/28/2018,5,1
07/17/2018,5,0
12/4/2016,5,1
08/15/2017,5,1
07/8/2018,5,0
01/14/2019,5,0
01/29/2019,3,0
01/21/2018,5,0
09/22/2017,4,1
04/24/2018,5,0
02/27/2019,5,0
09/2/2018,5,0
02/2/2019,5,0
09/6/2018,5,0
09/18/2018,5,0
02/19/2017,2,22
10/21/2017,5,0
01/15/2017,5,1
08/5/2018,5,0
10/4/2017,5,1
05/18/2017,5,6
08/27/2017,5,1
02/25/2019,5,0
04/24/2018,2,1
09/18/2017,5,0
03/15/2018,5,0
05/18/2018,5,0
09/15/2017,5,0
01/30/2019,5,0
02/5/2019,5,0
01/24/2018,5,0
12/1/2017,5,22
05/12/2018,4,1
07/18/2017,5,1
09/8/2018,5,1
05/6/2018,5,0
08/1/2018,5,0
03/1/2019,5,0
11/1/2017,5,1
02/15/2017,4,2
11/22/2018,5,0
10/13/2017,5,1
02/1/2018,4,0
01/19/2019,5,0
06/26/2017,5,1
03/19/2018,5,0
04/26/2018,3,4
11/1/2018,5,0
01/29/2017,5,1
09/13/2017,4,1
08/1/2018,5,0
05/4/2017,5,1
03/21/2018,5,1
11/12/2017,2,1
07/21/2018,5,0
11/20/2018,5,0
11/25/2018,5,0
04/14/2018,3,0
02/25/2019,5,0
09/19/2018,5,0
02/3/2019,5,0
10/4/2017,5,1
03/24/2018,5,0
05/5/2017,4,1
08/14/2017,5,1
10/3/2017,5,1
08/28/2018,4,0
10/21/2017,5,1
10/24/2017,5,1
09/21/2017,5,1
02/9/2018,5,0
05/10/2018,4,0
07/26/2018,5,0
02/21/2017,5,7
04/29/2017,5,1
09/17/2017,5,1
08/2/2017,5,1
09/5/2017,5,3
05/2/2018,3,0
03/19/2017,5,1
04/5/2017,4,2
10/21/2018,1,1
05/27/2017,2,13
01/24/2018,5,0
01/1/2018,5,0
11/5/2018,4,0
01/16/2017,5,0
10/31/2016,4,1
11/21/2018,5,0
05/24/2018,2,0
01/28/2018,4,1
01/31/2017,5,1
08/19/2018,5,0
01/7/2018,4,1
03/8/2019,5,0
10/5/2017,5,1
11/20/2018,5,0
06/6/2018,5,0
01/17/2018,5,0
02/24/2019,5,0
04/21/2017,5,1
02/4/2018,5,0
01/6/2019,2,0
05/24/2017,5,7
12/6/2017,5,0
08/5/2017,5,1
09/22/2017,5,1
02/4/2019,5,0
02/27/2019,1,0
05/13/2018,5,1
06/3/2018,5,0
02/7/2017,5,0
03/21/2019,5,0
07/10/2018,5,0
03/14/2019,5,0
11/6/2018,5,0
03/6/2019,4,0
12/19/2018,5,0
12/21/2018,5,0
08/1/2018,5,0
04/17/2018,5,0
11/27/2016,4,2
01/30/2019,5,0
02/27/2017,5,2
10/14/2018,5,0
06/5/2018,5,0
04/26/2018,5,0
03/16/2017,5,5
01/3/2019,5,0
04/2/2018,5,0
03/5/2018,5,1
03/5/2018,5,0
12/6/2018,5,0
08/4/2018,1,1
01/19/2018,5,0
02/10/2018,5,0
03/28/2017,5,3
04/28/2018,5,0
01/5/2017,4,0
05/22/2018,5,0
02/5/2019,5,0
02/21/2018,5,0
12/21/2018,5,0
01/28/2019,5,0
05/26/2017,5,2
07/25/2018,5,0
03/13/2019,5,0
01/17/2018,5,0
12/12/2018,4,0
10/11/2018,5,0
01/23/2017,5,1
08/30/2018,5,0
01/29/2019,5,0
03/12/2018,5,0
03/12/2018,5,0
01/21/2019,5,0
01/23/2019,2,0
06/30/2018,5,0
08/21/2018,5,0
03/16/2017,5,0
03/20/2018,4,0
04/28/2018,5,0
10/3/2017,5,1
07/26/2018,5,0
10/11/2016,5,11
05/14/2018,5,1
10/6/2018,5,0
03/5/2018,3,0
12/27/2018,5,0
05/1/2018,5,0
06/1/2018,5,0
09/8/2017,5,1
01/30/2019,3,0
09/27/2018,5,0
03/3/2018,5,0
04/23/2018,5,0
09/29/2016,5,2
08/25/2018,5,0
10/23/2017,5,1
10/6/2016,5,0
11/25/2016,5,1
09/27/2018,5,0
10/7/2016,4,0
07/1/2018,5,0
07/20/2018,5,0
01/18/2017,5,0
07/21/2018,3,0
02/18/2018,5,0
04/16/2018,5,0
01/9/2018,5,0
02/26/2017,5,2
08/8/2018,5,0
01/11/2018,5,0
09/26/2017,5,1
06/4/2018,5,0
02/15/2018,5,1
09/23/2018,5,0
05/27/2018,5,0
05/6/2017,5,1
08/6/2018,4,0
11/6/2016,5,15
03/9/2019,5,0
10/26/2017,5,1
04/28/2017,4,1
11/25/2018,3,0
09/26/2016,5,1
07/31/2018,3,0
01/12/2018,5,0
04/9/2017,2,9
02/22/2018,5,0
11/18/2018,5,0
01/20/2019,5,0
02/9/2017,5,0
03/25/2018,5,0
06/9/2018,5,1
04/3/2018,5,0
03/2/2019,5,0
11/10/2018,5,0
10/5/2018,3,0
05/22/2018,2,1
08/12/2017,4,1
07/9/2018,3,0
09/5/2017,4,1
02/24/2018,5,0
05/5/2017,5,1
07/23/2018,5,0
01/26/2018,5,0
09/23/2018,5,0
08/20/2017,5,1
01/24/2017,5,0
10/22/2018,5,0
02/27/2018,5,0
03/17/2017,5,0
01/14/2018,5,0
09/29/2016,5,0
09/19/2017,5,1
02/15/2017,5,0
09/28/2018,5,0
10/20/2018,5,0
02/3/2018,5,0
12/5/2016,5,2
08/28/2017,5,1
05/16/2018,2,0
04/22/2018,5,0
01/17/2019,5,0
02/28/2018,5,0
06/12/2018,5,0
02/17/2018,5,0
01/11/2018,5,0
02/25/2018,5,0
01/5/2019,5,0
04/7/2017,4,2
02/11/2018,4,0
07/15/2018,5,0
03/22/2018,5,0
02/2/2018,5,0
04/10/2017,5,1
10/15/2016,5,3
08/8/2018,5,0
05/21/2018,2,0
12/10/2018,5,0
02/12/2018,5,0
07/30/2018,4,0
01/11/2017,5,0
04/1/2017,5,1
08/2/2018,5,0
09/2/2017,5,1
07/16/2018,3,0
09/18/2018,5,0
02/14/2018,3,1
03/6/2018,5,0
10/28/2018,2,0
10/17/2017,5,1
10/1/2018,5,0
01/6/2018,4,0
06/22/2018,3,0
09/9/2017,5,1
11/19/2018,5,0
09/15/2017,5,1
01/14/2019,5,0
02/15/2019,4,0
04/19/2017,4,2
12/3/2018,4,0
01/12/2018,5,0
12/12/2018,5,0
07/9/2018,3,0
07/30/2018,3,0
10/14/2018,5,0
05/21/2017,5,1
05/17/2018,5,1
03/22/2018,5,0
01/8/2019,5,0
11/1/2017,5,1
01/9/2019,5,0
05/17/2018,5,1
09/10/2017,5,3
06/26/2018,5,0
05/17/2017,2,428
11/15/2017,4,0
05/29/2017,5,2
04/4/2018,5,0
12/9/2017,5,0
01/6/2019,5,0
01/28/2018,4,1
08/14/2018,4,0
01/26/2019,5,0
05/27/2018,5,0
08/23/2018,5,0
01/22/2019,5,0
01/11/2017,4,0
12/19/2016,5,1
01/28/2019,4,0
05/17/2018,5,1
08/17/2018,5,0
08/3/2017,5,1
12/26/2018,5,0
09/26/2018,5,0
08/27/2018,5,0
05/11/2018,4,0
12/17/2018,5,0
06/23/2018,5,0
02/21/2017,5,0
04/5/2018,5,0
05/2/2018,5,0
01/18/2019,5,0
01/6/2017,5,0
05/1/2018,4,0
05/30/2018,5,0
02/7/2017,5,1
11/24/2018,5,0
07/5/2018,5,0
10/8/2016,5,3
11/20/2017,5,0
02/19/2018,4,0
06/21/2018,5,0
08/1/2018,3,0
12/12/2018,5,0
06/13/2017,5,1
08/20/2018,3,0
07/6/2018,5,0
08/6/2018,5,0
08/9/2018,5,0
06/27/2018,5,0
12/23/2017,5,0
01/4/2019,5,0
06/23/2018,3,0
02/22/2018,5,0
01/4/2019,3,0
01/23/2019,5,0
01/7/2019,3,0
03/3/2019,5,0
12/25/2018,5,0
02/14/2017,5,1
07/6/2018,5,0
05/19/2017,4,2
08/10/2017,5,1
12/21/2018,5,0
01/23/2017,5,0
08/21/2018,5,0
08/16/2018,4,0
12/12/2018,5,0
12/7/2018,4,0
05/17/2018,5,1
10/22/2016,5,0
10/24/2018,5,0
06/23/2018,5,0
03/14/2018,5,0
02/17/2018,5,0
03/28/2018,5,0
05/12/2018,5,1
04/27/2018,5,0
12/24/2017,5,0
10/26/2018,5,0
04/4/2018,5,0
08/28/2017,5,1
01/10/2017,5,7
01/16/2019,5,0
10/14/2018,5,0
07/6/2018,4,0
02/28/2018,5,0
03/31/2018,5,0
09/13/2018,5,0
01/9/2017,5,1
10/17/2018,5,0
03/31/2018,5,0
01/22/2019,5,0
01/28/2019,2,0
04/8/2018,5,0
01/4/2019,5,0
10/4/2017,4,3
06/4/2018,2,0
10/9/2018,5,0
02/7/2018,5,0
06/26/2018,5,0
01/1/2018,5,1
12/3/2016,4,0
04/27/2018,5,0
01/14/2019,5,0
04/4/2018,5,0
09/16/2018,5,0
03/21/2019,5,0
12/3/2018,5,0
01/20/2019,3,0
09/20/2018,5,0
06/21/2018,5,0
11/28/2016,5,6
05/17/2018,4,1
02/28/2019,5,0
04/24/2018,5,0
11/7/2016,5,3
04/27/2018,4,0
06/13/2018,4,0
08/7/2018,3,0
06/19/2018,5,0
03/8/2018,5,8
01/29/2018,5,0
11/15/2017,5,7
03/21/2018,5,1
10/27/2018,5,1
12/9/2016,5,1
06/14/2018,5,0
10/9/2018,5,0
06/9/2018,5,0
01/17/2019,3,0
08/11/2017,5,0
06/14/2018,5,0
11/1/2016,5,1
10/18/2018,5,0
08/1/2018,4,0
04/10/2018,5,0
02/14/2018,5,0
04/13/2018,5,0
05/17/2018,5,3
08/30/2018,5,0
02/17/2019,5,0
01/11/2019,4,0
12/30/2016,5,0
06/12/2017,5,1
01/12/2017,5,0
04/15/2018,5,0
05/9/2017,5,2
02/2/2018,5,0
02/10/2019,5,0
05/29/2018,5,0
11/4/2016,5,1
01/17/2018,5,0
06/6/2018,5,0
02/18/2019,5,0
01/14/2019,5,0
09/14/2017,5,1
08/23/2017,5,1
12/4/2016,5,0
09/26/2017,5,0
07/24/2018,5,0
01/25/2019,5,0
09/5/2018,5,0
08/30/2018,4,1
12/18/2018,5,0
11/9/2017,5,0
11/3/2017,5,0
03/4/2019,5,0
10/6/2018,5,0
01/11/2018,5,0
03/19/2019,5,0
09/21/2018,5,0
07/8/2018,5,0
04/6/2018,5,0
06/10/2018,2,1
02/28/2019,3,0
08/11/2018,3,0
10/22/2018,5,0
08/21/2018,5,0
01/24/2019,5,0
12/3/2018,5,0
02/19/2018,5,0
05/10/2018,5,0
01/26/2017,5,0
12/13/2017,5,0
07/10/2018,5,0
09/25/2018,5,0
09/16/2018,5,0
12/17/2017,5,1
11/12/2017,3,4
03/20/2019,5,0
03/11/2018,5,0
09/19/2018,5,0
05/16/2017,5,2
08/21/2018,5,0
11/26/2018,4,0
02/28/2018,4,0
11/28/2017,5,0
12/6/2017,5,0
03/20/2018,5,0
11/10/2016,5,1
02/4/2018,5,0
02/8/2018,5,0
11/6/2016,5,1
08/3/2018,5,0
05/12/2018,5,1
06/2/2018,5,0
12/17/2018,5,0
01/14/2018,5,0
03/22/2018,5,0
07/7/2018,3,0
08/6/2018,5,0
01/4/2018,5,0
01/14/2019,5,0
03/14/2019,5,0
12/17/2017,5,0
10/30/2018,2,0
02/28/2018,5,0
06/6/2017,5,5
11/10/2016,5,1
11/1/2017,5,0
07/12/2018,2,0
12/5/2017,5,0
03/22/2017,4,1
10/1/2017,5,19
09/2/2018,5,0
07/10/2018,3,0
01/2/2019,5,0
04/19/2018,5,0
01/28/2019,5,0
01/11/2019,5,0
03/6/2017,5,5
04/26/2017,5,1
05/2/2018,5,0
12/21/2016,5,0
02/20/2018,5,0
05/26/2018,4,0
04/10/2018,5,0
05/1/2018,5,0
04/26/2018,5,0
03/16/2019,5,0
01/11/2017,4,0
07/31/2018,3,0
07/3/2018,5,0
03/27/2018,5,0
07/23/2018,2,0
05/9/2018,5,0
11/20/2016,4,2
03/15/2018,5,0
06/28/2018,4,0
09/8/2017,4,0
03/22/2017,5,1
10/30/2017,4,0
10/22/2018,5,0
01/31/2017,5,1
12/29/2017,5,0
07/25/2018,4,0
11/11/2017,5,0
01/25/2019,5,0
11/14/2018,4,0
09/18/2017,5,0
01/7/2018,4,1
01/25/2017,5,0
06/19/2018,5,0
03/26/2018,5,0
03/11/2017,5,1
12/31/2016,5,0
07/7/2018,5,0
01/9/2019,5,0
03/19/2018,4,0
11/6/2016,5,1
07/3/2018,5,0
09/28/2018,5,0
03/29/2018,4,0
11/18/2016,5,1
10/30/2017,5,0
12/7/2016,5,0
09/26/2018,5,0
07/9/2018,5,0
01/31/2018,5,0
03/5/2018,5,0
02/1/2019,5,0
12/4/2018,4,0
03/14/2017,5,1
03/5/2018,5,0
09/29/2017,5,0
01/7/2017,5,0
03/11/2018,4,0
11/30/2018,5,0
06/14/2018,5,0
07/30/2018,5,0
09/2/2018,5,0
06/16/2018,5,0
01/10/2019,5,0
12/9/2017,5,0
01/27/2018,2,0
11/22/2018,5,0
10/21/2017,5,4
04/3/2018,5,0
07/23/2018,5,0
01/23/2018,5,0
06/25/2018,5,0
03/13/2018,5,0
04/8/2018,5,0
02/28/2017,5,2
01/15/2018,5,0
10/12/2017,4,1
06/5/2018,5,0
11/26/2018,5,0
12/13/2018,5,0
02/12/2017,5,0
11/23/2018,5,0
01/15/2018,5,0
05/19/2018,5,0
02/11/2017,5,1
01/21/2017,5,0
03/1/2019,5,0
09/23/2017,5,0
08/17/2018,5,0
04/30/2018,5,0
07/16/2017,5,1
10/15/2017,5,0
01/19/2019,4,0
04/24/2018,5,0
07/26/2018,4,0
09/29/2017,5,0
07/26/2018,5,0
10/29/2016,4,0
08/15/2018,5,0
11/21/2016,5,1
01/16/2017,4,0
05/20/2018,5,0
10/5/2017,5,0
01/3/2019,5,0
11/13/2018,5,0
01/22/2017,5,0
01/2/2017,5,1
03/21/2018,5,0
03/11/2018,5,0
01/9/2018,5,0
11/10/2018,5,0
09/22/2018,5,0
09/24/2016,5,0
01/23/2019,4,0
12/21/2018,5,0
04/17/2017,5,0
09/21/2016,5,2
11/15/2018,5,0
06/25/2018,5,0
11/6/2017,1,52
04/5/2018,4,0
12/16/2016,5,1
03/12/2019,5,0
10/24/2018,5,0
12/9/2016,5,0
03/15/2017,3,2
01/27/2018,3,0
01/16/2017,5,0
11/29/2018,5,0
07/8/2018,5,0
08/30/2018,5,0
02/19/2019,5,0
05/2/2018,5,0
01/19/2018,4,0
03/20/2019,4,0
11/25/2018,5,0
07/14/2018,5,0
06/25/2017,5,0
02/12/2018,5,1
11/27/2016,5,1
01/31/2017,4,1
10/20/2017,4,0
07/22/2018,5,0
08/30/2018,5,0
02/25/2018,2,0
12/3/2018,3,0
08/29/2018,5,0
07/25/2018,5,0
03/14/2019,5,0
02/22/2019,1,0
08/20/2018,3,0
04/19/2017,2,12
05/1/2017,4,5
06/8/2018,5,0
04/17/2018,5,0
11/12/2016,5,0
01/18/2019,5,0
12/24/2017,5,0
04/22/2018,5,0
02/12/2018,5,0
02/20/2019,3,0
01/29/2017,5,0
06/12/2018,5,0
10/5/2018,5,0
12/30/2018,4,0
01/30/2018,5,0
11/23/2018,5,0
10/6/2017,5,0
07/29/2018,4,0
04/16/2018,5,0
09/14/2017,5,0
07/2/2018,5,0
02/21/2018,5,0
02/27/2018,5,0
02/15/2019,5,0
03/25/2018,5,0
01/25/2018,5,0
01/17/2018,5,0
01/14/2017,5,0
10/24/2018,5,0
07/9/2018,5,0
12/8/2018,5,0
12/22/2017,5,0
10/3/2017,5,0
12/11/2018,5,0
10/31/2016,5,1
02/11/2017,5,0
09/17/2018,5,0
04/17/2018,4,0
07/1/2018,5,0
06/28/2018,3,0
12/9/2017,4,0
02/12/2018,5,0
03/14/2019,1,0
01/28/2018,4,0
12/11/2017,5,0
01/6/2017,5,2
03/2/2018,5,0
04/17/2018,5,0
11/11/2017,5,0
01/11/2018,5,0
03/17/2019,5,0
03/31/2018,5,1
12/20/2018,5,0
10/22/2018,5,0
01/30/2018,5,0
09/17/2018,5,0
01/16/2018,4,0
09/4/2018,5,0
04/1/2018,5,0
02/15/2017,5,2
01/26/2018,3,0
09/15/2018,5,0
02/24/2017,5,5
06/5/2018,5,0
05/4/2017,5,0
04/2/2017,5,2
03/11/2019,5,0
12/15/2017,5,0
11/30/2017,5,0
09/26/2016,5,0
11/28/2018,5,0
02/9/2017,5,1
09/18/2017,5,0
11/27/2017,5,0
03/22/2018,2,0
04/17/2018,5,0
08/8/2018,5,0
09/4/2018,5,0
05/24/2018,5,0
12/13/2016,5,1
09/13/2017,5,1
10/16/2017,5,0
09/14/2017,5,0
08/29/2017,5,0
08/3/2018,5,0
01/9/2018,5,0
10/6/2018,5,0
05/22/2017,5,1
06/29/2018,5,0
05/6/2018,5,0
03/9/2018,5,0
10/26/2017,5,0
12/11/2017,5,0
11/19/2017,5,0
01/22/2018,5,0
12/20/2016,5,0
06/14/2018,4,0
01/8/2017,5,0
04/5/2017,2,21
02/10/2018,4,0
02/8/2018,5,0
12/23/2017,5,0
01/10/2019,5,0
12/23/2018,3,0
12/20/2016,5,0
12/22/2017,4,0
08/27/2018,5,0
11/15/2016,5,0
11/11/2018,5,0
02/11/2019,5,0
12/16/2016,5,0
12/24/2016,5,0
11/28/2018,4,0
04/25/2017,4,0
02/23/2018,3,0
03/1/2019,5,0
12/6/2017,5,0
05/12/2017,5,1
07/14/2018,5,0
02/28/2018,3,0
08/20/2018,4,0
12/10/2016,5,0
01/5/2018,5,0
09/20/2018,5,0
09/9/2018,4,0
08/16/2017,5,1
03/22/2018,5,0
12/7/2017,5,0
02/15/2018,4,0
02/13/2018,4,0
01/1/2018,5,0
01/23/2019,5,0
07/29/2018,5,0
02/28/2017,5,1
02/2/2018,5,1
01/13/2018,5,0
10/18/2017,5,0
04/14/2017,5,1
12/27/2018,5,0
06/3/2018,5,0
01/14/2019,5,0
03/14/2018,5,0
10/26/2017,5,1
06/23/2018,5,0
09/26/2016,5,0
01/15/2018,5,0
12/2/2016,5,4
12/9/2018,5,0
04/30/2018,5,0
12/30/2018,5,0
03/21/2019,5,0
07/23/2017,5,3
12/16/2016,5,0
08/25/2017,5,1
01/9/2017,5,0
04/28/2017,5,0
02/8/2018,5,0
11/3/2017,5,0
02/2/2018,5,0
11/5/2018,3,0
01/30/2018,5,0
05/9/2018,5,0
01/20/2019,5,0
11/14/2017,5,0
11/6/2016,5,0
05/23/2017,5,1
12/5/2017,4,0
11/29/2016,4,0
11/29/2018,4,0
08/29/2017,5,0
12/26/2018,5,0
12/9/2018,5,0
06/15/2017,5,0
02/27/2019,5,0
03/13/2018,3,0
11/15/2017,5,0
11/16/2017,4,0
03/21/2018,5,0
04/6/2018,5,0
02/2/2019,4,0
02/5/2018,5,0
01/13/2019,3,0
12/22/2018,5,0
08/16/2018,5,0
01/14/2018,5,0
12/10/2017,5,0
05/1/2017,5,0
07/25/2018,5,0
12/17/2018,5,0
07/24/2017,5,0
01/29/2018,5,0
04/23/2018,5,0
06/22/2018,5,0
06/26/2017,5,0
02/23/2018,5,0
08/12/2017,4,0
07/9/2018,3,0
08/15/2017,5,0
04/14/2017,2,28
02/8/2017,4,4
09/3/2018,2,1
12/14/2018,5,0
09/17/2017,5,0
12/21/2018,4,0
12/25/2018,5,0
10/12/2017,5,0
10/4/2017,5,1
11/28/2018,4,0
08/5/2018,5,0
12/30/2017,5,0
05/11/2018,5,0
07/29/2018,5,0
04/28/2018,4,0
01/19/2019,5,0
12/20/2016,4,2
08/1/2018,4,0
01/10/2018,5,0
12/8/2017,4,0
11/10/2018,5,0
04/2/2018,5,0
06/20/2018,5,0
05/27/2018,5,0
01/1/2019,5,0
04/11/2017,5,0
09/14/2017,5,0
07/30/2018,5,0
09/5/2017,5,0
10/15/2017,5,0
02/16/2018,3,0
02/26/2018,5,0
12/6/2017,5,0
12/24/2017,5,0
12/14/2016,5,1
04/2/2018,5,0
02/17/2017,5,0
01/20/2018,5,0
11/12/2017,5,0
09/29/2017,5,0
08/31/2017,5,0
11/11/2017,4,0
06/3/2018,5,0
01/9/2017,5,0
09/25/2017,3,4
12/26/2018,4,0
01/13/2018,5,0
10/28/2018,5,0
01/20/2018,5,0
05/31/2018,5,0
12/24/2017,5,0
06/23/2018,5,0
05/10/2018,5,0
09/9/2018,5,0
01/25/2018,5,2
09/2/2017,4,0
06/21/2018,5,0
02/5/2018,5,0
11/18/2018,5,0
12/17/2017,5,0
08/14/2018,5,0
06/7/2018,5,0
06/1/2018,5,0
12/17/2017,5,0
09/11/2018,5,0
01/14/2017,5,0
08/20/2017,5,0
11/23/2018,5,0
06/9/2017,5,0
01/29/2018,5,0
03/11/2018,5,0
02/17/2017,5,0
01/9/2019,1,0
08/22/2017,5,1
08/31/2017,5,0
02/2/2018,5,1
03/19/2017,5,5
11/16/2017,5,0
12/18/2018,1,0
05/22/2018,4,0
08/24/2017,5,0
08/27/2017,5,0
04/3/2017,5,0
12/30/2017,5,0
01/18/2018,5,0
01/12/2017,5,0
03/9/2018,4,0
12/12/2016,5,0
02/2/2017,5,0
01/12/2018,5,0
02/15/2018,4,0
01/19/2017,5,0
03/18/2019,5,0
02/16/2018,5,0
09/21/2017,5,0
09/6/2018,1,0
08/25/2018,5,0
11/22/2017,5,0
11/27/2018,5,0
01/24/2018,5,0
12/25/2016,5,2
05/20/2017,5,0
11/3/2017,1,85
12/15/2016,5,1
12/7/2018,5,0
03/27/2018,4,0
07/8/2018,5,0
05/12/2017,5,0
10/16/2018,5,0
11/4/2017,5,0
03/9/2017,5,0
11/13/2018,5,0
09/3/2017,5,0
02/13/2018,5,0
12/27/2018,3,0
08/3/2018,5,0
09/19/2018,5,0
03/16/2019,5,0
01/16/2018,5,0
03/28/2018,2,0
04/11/2017,5,2
08/27/2018,5,0
06/15/2018,5,0
03/8/2019,5,0
02/11/2018,5,0
11/12/2018,4,0
08/28/2017,5,0
10/4/2017,5,1
09/9/2017,5,0
07/29/2018,4,0
02/16/2019,5,0
11/11/2018,5,0
09/13/2017,5,0
11/27/2016,5,0
11/25/2016,5,0
12/12/2017,5,0
09/3/2017,5,0
12/31/2016,5,0
09/10/2018,5,0
02/26/2018,5,0
01/16/2019,4,0
11/8/2017,5,0
02/22/2018,5,0
12/19/2017,5,0
09/11/2018,5,0
12/5/2018,5,0
09/16/2018,5,0
12/14/2016,5,0
04/5/2018,5,0
06/7/2017,5,0
01/5/2019,5,0
10/7/2018,5,0
05/23/2018,5,0
03/16/2018,5,0
09/25/2018,5,0
04/21/2017,4,0
12/19/2016,5,0
06/17/2018,5,0
05/22/2017,5,0
03/17/2018,5,0
12/31/2017,5,0
01/3/2017,5,0
11/29/2018,5,0
02/8/2018,5,0
02/5/2017,5,0
01/4/2017,4,0
08/29/2017,5,0
10/25/2018,5,0
08/1/2017,5,1
02/21/2019,5,0
02/7/2018,5,0
12/31/2017,5,0
12/18/2017,5,0
03/27/2018,4,0
05/12/2018,4,0
12/6/2016,5,0
08/26/2017,5,0
08/6/2018,5,0
11/30/2018,5,0
03/1/2018,4,0
11/27/2017,5,0
06/10/2017,5,0
01/17/2018,5,0
02/19/2018,5,0
03/23/2018,5,0
11/20/2017,5,0
01/10/2018,5,0
11/19/2018,4,0
02/5/2018,5,0
08/31/2018,5,0
07/26/2018,5,0
07/16/2018,5,0
10/6/2018,4,0
04/16/2017,5,0
07/25/2018,4,0
01/24/2018,5,0
04/2/2018,1,6
09/1/2017,4,0
01/17/2018,5,0
05/16/2017,5,0
01/2/2018,5,0
01/3/2019,5,0
12/27/2016,5,0
10/12/2017,4,2
11/30/2017,5,0
09/13/2017,5,0
03/19/2019,5,0
03/25/2018,5,0
03/14/2018,4,0
11/9/2018,5,0
12/30/2018,5,0
01/5/2018,5,0
08/15/2018,5,0
02/11/2019,2,0
12/28/2018,5,0
12/14/2018,5,0
10/30/2016,5,1
10/26/2018,5,0
01/23/2019,5,0
01/10/2018,5,0
10/14/2017,5,0
03/15/2018,5,0
03/11/2017,2,21
11/17/2017,5,0
03/17/2019,5,0
10/28/2017,5,0
08/9/2017,5,0
12/23/2017,5,0
01/28/2019,1,0
01/25/2018,5,0
10/24/2018,3,0
11/29/2016,5,0
09/8/2018,5,0
08/6/2017,5,0
09/2/2017,5,0
09/17/2018,5,0
03/24/2018,5,0
06/22/2018,5,0
05/28/2018,5,0
08/11/2017,5,0
01/26/2019,5,0
03/13/2019,5,0
01/27/2018,5,1
03/7/2018,5,0
02/10/2018,5,0
12/5/2017,5,0
03/22/2019,5,0
03/1/2019,5,0
01/10/2019,5,0
04/23/2017,5,0
09/2/2017,5,0
06/23/2018,5,0
06/26/2018,5,0
10/23/2018,2,0
09/1/2017,5,0
02/2/2018,5,0
01/21/2017,5,0
01/7/2018,4,0
11/22/2017,4,13
02/6/2019,5,0
09/6/2017,5,0
12/2/2016,1,245
03/12/2018,5,2
04/17/2017,4,0
03/17/2019,5,0
01/20/2017,5,0
11/9/2016,5,0
02/7/2018,5,0
01/31/2017,5,0
07/25/2018,5,0
04/27/2018,5,0
10/23/2017,4,0
10/16/2017,5,0
02/16/2018,5,0
11/2/2017,5,0
09/2/2018,5,0
02/5/2017,5,0
06/7/2017,5,0
12/31/2017,3,1
11/29/2017,5,0
08/28/2018,4,0
10/22/2018,5,0
08/14/2017,5,0
01/15/2018,5,0
03/3/2018,5,0
09/7/2017,5,0
11/28/2018,5,0
03/24/2017,5,0
10/13/2016,5,0
02/8/2017,5,0
06/27/2018,5,0
01/26/2017,5,0
08/13/2018,5,0
09/17/2017,5,0
08/30/2017,5,0
11/16/2017,5,0
11/8/2016,5,0
09/27/2017,5,0
11/25/2018,2,0
08/30/2017,4,1
03/11/2018,5,0
03/5/2018,5,0
01/14/2017,4,5
02/22/2019,5,0
11/23/2018,4,0
07/3/2018,5,0
04/22/2017,5,0
12/29/2018,4,0
10/22/2018,5,0
01/16/2019,5,0
09/1/2017,5,0
11/5/2018,5,0
10/28/2018,5,0
08/9/2018,5,0
09/19/2017,4,0
11/7/2018,3,0
01/17/2019,5,0
12/3/2017,5,0
11/29/2016,5,0
10/6/2017,5,0
01/21/2019,4,0
05/11/2017,5,0
02/16/2019,5,1
01/16/2019,4,0
03/21/2019,4,0
01/25/2019,5,0
03/20/2019,5,0
02/6/2017,5,0
10/24/2017,5,0
03/21/2018,5,0
12/10/2016,2,26
11/16/2016,3,31
11/22/2018,5,0
09/12/2017,5,0
04/26/2017,5,0
04/29/2017,5,0
07/11/2018,5,0
09/21/2018,5,0
09/13/2018,5,0
05/21/2018,5,0
01/4/2018,5,0
05/22/2017,5,0
08/27/2017,5,0
12/2/2018,2,0
06/26/2018,5,0
04/4/2017,4,7
03/30/2018,5,0
09/19/2017,5,0
12/25/2016,5,0
01/20/2019,5,0
09/27/2018,5,0
05/15/2017,5,0
10/22/2018,5,0
01/10/2018,5,0
11/5/2016,5,0
09/25/2016,5,0
01/26/2019,5,0
11/25/2016,5,0
01/27/2019,5,0
08/7/2018,5,0
10/13/2017,4,0
09/29/2017,5,0
04/30/2017,5,0
03/1/2019,5,0
02/5/2019,5,0
10/11/2017,5,0
11/3/2017,5,0
12/27/2018,5,0
04/17/2017,5,0
05/21/2017,5,0
08/3/2018,5,0
03/18/2019,5,0
12/29/2016,5,1
02/25/2017,5,0
04/9/2018,5,0
04/30/2018,5,0
05/2/2017,4,0
11/3/2017,5,0
01/18/2017,5,0
11/9/2017,5,0
02/20/2017,5,0
11/23/2017,2,25
01/2/2017,5,0
06/12/2018,5,0
11/11/2016,5,0
06/7/2018,5,0
02/27/2018,5,0
04/4/2017,5,2
05/2/2018,5,0
01/4/2017,5,0
08/9/2018,5,0
01/1/2019,5,0
03/1/2018,3,0
01/24/2019,4,0
05/12/2018,5,0
04/3/2017,5,1
11/13/2016,5,0
12/17/2018,4,0
03/23/2018,4,0
11/15/2016,5,0
08/8/2017,5,0
03/19/2017,4,0
05/3/2017,4,0
01/27/2019,5,0
01/23/2019,4,0
09/6/2017,5,0
08/20/2018,4,0
02/27/2019,5,0
04/25/2017,5,0
11/25/2018,4,0
07/18/2018,2,0
12/3/2017,5,0
11/27/2017,5,0
03/12/2018,5,0
12/16/2018,5,0
03/21/2019,5,0
12/10/2016,5,0
11/30/2016,5,0
06/16/2017,3,6
06/2/2018,5,0
01/28/2019,5,0
09/27/2016,5,1
09/7/2017,4,0
09/23/2017,5,0
11/15/2017,5,0
09/26/2017,3,1
08/27/2018,4,0
09/16/2016,5,0
11/10/2016,5,0
01/1/2018,5,0
09/26/2018,5,0
05/18/2017,4,0
10/25/2017,5,0
01/3/2019,5,0
01/12/2017,4,0
03/18/2017,5,0
08/26/2018,5,0
10/20/2017,5,0
08/20/2018,5,0
10/18/2017,5,0
09/21/2017,5,0
06/8/2018,5,0
12/5/2016,5,0
10/1/2018,5,0
08/22/2017,5,0
10/22/2018,5,0
11/4/2016,5,4
05/13/2017,5,0
08/26/2017,5,0
12/26/2018,5,0
12/5/2017,5,0
08/24/2018,5,0
01/15/2019,5,0
01/23/2017,5,0
03/20/2018,5,0
03/1/2017,5,0
03/14/2019,2,0
08/21/2018,5,0
03/28/2018,4,0
03/25/2018,2,1
03/2/2018,5,0
03/10/2018,5,0
01/21/2018,5,0
12/6/2018,5,0
02/1/2018,5,0
08/25/2018,5,0
02/6/2017,5,3
08/25/2017,5,0
09/5/2017,5,0
02/3/2019,5,0
04/21/2017,5,0
02/4/2019,5,0
08/7/2018,5,0
04/19/2017,5,5
08/11/2017,5,0
08/6/2017,5,0
05/19/2018,5,0
05/28/2018,5,0
03/7/2018,5,0
05/11/2018,5,0
05/10/2018,5,0
02/9/2019,5,0
10/11/2016,5,0
12/13/2017,5,0
07/5/2018,5,0
03/29/2018,5,0
05/22/2018,5,0
01/1/2019,4,0
10/18/2017,4,0
03/20/2019,5,0
11/24/2018,5,0
10/7/2016,5,0
12/15/2018,5,0
03/27/2018,5,0
05/8/2018,5,0
09/12/2018,4,0
09/1/2018,5,0
07/26/2018,5,0
03/13/2019,5,0
01/31/2018,5,0
02/1/2017,5,0
09/10/2017,5,1
06/10/2018,5,0
09/1/2017,5,0
01/7/2018,5,0
09/23/2017,5,0
09/25/2018,4,0
12/23/2016,5,1
08/26/2018,5,0
08/16/2018,5,0
01/30/2018,5,0
10/8/2017,5,0
10/13/2018,5,0
10/2/2018,1,0
02/9/2017,5,0
12/2/2016,5,0
02/16/2017,5,0
01/9/2019,5,0
04/20/2018,5,0
11/1/2017,3,10
12/18/2017,5,0
11/22/2017,5,0
04/10/2018,5,0
08/15/2017,4,0
10/23/2017,5,0
10/17/2017,4,0
05/6/2018,5,0
04/17/2017,5,0
10/14/2017,5,0
03/14/2019,5,0
01/4/2019,5,0
01/27/2018,4,0
01/10/2017,5,0
02/11/2019,4,0
10/28/2016,5,0
04/26/2018,5,0
02/20/2018,5,0
10/22/2018,5,0
10/20/2017,2,0
03/9/2017,5,0
08/6/2018,5,0
04/25/2018,5,0
02/2/2017,5,0
10/15/2018,4,0
03/22/2019,5,0
03/3/2019,5,0
11/29/2016,5,0
02/17/2017,5,0
11/15/2017,4,0
05/15/2017,2,6
11/8/2016,5,0
03/28/2018,5,0
10/2/2016,5,0
02/6/2019,5,0
03/12/2017,5,0
10/30/2017,5,0
06/14/2018,5,0
09/30/2017,5,1
01/15/2018,5,0
11/22/2016,5,0
01/4/2017,5,0
01/30/2017,5,0
04/4/2017,5,0
08/6/2017,5,0
07/24/2018,5,0
11/1/2016,5,0
09/10/2018,5,0
10/9/2018,5,0
01/6/2019,5,0
11/16/2017,5,0
08/28/2018,5,0
08/2/2017,5,1
05/24/2017,5,1
01/13/2017,5,0
10/16/2017,5,0
02/9/2018,5,0
02/9/2019,5,0
01/11/2018,5,0
07/11/2018,5,0
06/11/2017,3,1
12/20/2017,5,0
03/12/2018,5,0
05/24/2017,5,1
08/11/2018,4,0
12/29/2016,5,0
12/13/2018,5,0
03/11/2017,5,0
10/13/2017,5,0
02/17/2017,5,0
09/6/2018,5,0
11/11/2018,5,0
12/28/2016,4,0
09/23/2017,5,0
02/13/2019,5,0
05/25/2018,5,0
12/17/2017,4,0
05/12/2017,5,0
09/29/2017,5,0
02/15/2019,5,0
08/17/2018,5,0
09/8/2018,4,0
01/20/2019,5,0
08/25/2017,5,0
02/15/2017,4,0
01/7/2018,4,0
10/11/2017,5,0
11/21/2016,5,0
12/1/2017,5,0
10/12/2017,5,0
10/25/2018,5,0
08/23/2017,5,0
10/11/2018,5,0
01/17/2019,5,0
10/9/2016,5,0
01/27/2018,5,0
08/22/2018,4,0
03/14/2018,1,35
11/11/2016,5,0
01/2/2019,5,0
11/12/2018,5,0
10/8/2018,5,0
04/19/2018,5,0
09/18/2017,5,0
11/19/2018,5,0
07/25/2018,5,0
12/5/2017,4,0
07/8/2018,4,0
01/10/2017,5,0
10/4/2017,5,1
09/5/2017,5,0
03/7/2018,5,0
04/29/2017,5,0
12/1/2018,5,0
12/20/2017,5,0
08/1/2018,5,0
01/26/2019,5,0
03/6/2017,5,0
05/4/2018,5,0
01/12/2018,5,0
12/16/2016,5,0
03/13/2017,5,0
01/31/2018,5,0
02/28/2018,5,0
11/25/2017,5,0
03/13/2019,3,0
10/24/2017,5,0
11/16/2016,5,0
02/13/2017,5,0
05/21/2017,5,0
12/30/2018,5,0
12/21/2018,5,0
10/13/2018,5,0
01/7/2017,4,0
10/23/2017,5,0
02/24/2018,3,0
06/21/2018,4,0
09/16/2018,4,0
11/12/2017,5,0
04/6/2017,5,1
01/20/2019,5,0
07/8/2018,5,0
11/27/2016,5,0
04/22/2017,5,3
01/29/2018,4,0
02/22/2019,2,0
02/10/2018,5,0
08/25/2017,4,0
01/17/2017,5,0
01/15/2018,2,0
10/18/2018,5,0
08/29/2017,4,0
11/30/2017,4,0
02/26/2018,5,0
11/1/2018,5,0
03/23/2017,5,0
01/3/2017,5,0
12/6/2017,5,0
07/23/2018,5,0
11/3/2017,4,0
12/19/2016,4,0
11/27/2016,5,0
02/26/2018,2,0
09/19/2018,5,0
12/4/2018,5,0
08/31/2017,5,0
09/12/2018,5,0
10/3/2018,2,0
03/16/2017,5,0
02/28/2018,5,0
02/21/2018,5,0
10/29/2016,5,0
10/19/2016,5,0
03/9/2019,3,0
08/30/2018,2,0
10/19/2016,5,0
08/21/2018,5,0
09/29/2018,5,0
03/2/2019,5,0
05/6/2018,5,0
09/11/2017,2,4
02/25/2019,5,0
09/4/2017,5,0
02/3/2017,5,0
09/17/2017,5,0
03/23/2018,5,0
06/8/2018,2,0
05/31/2018,5,0
09/6/2018,5,0
04/29/2017,5,0
12/17/2018,5,0
04/7/2018,5,0
09/21/2018,5,0
09/29/2016,5,1
10/24/2018,5,0
02/19/2018,4,0
03/18/2018,5,0
02/9/2018,4,0
12/15/2017,5,0
12/16/2018,5,0
11/10/2016,5,0
03/14/2017,5,0
11/7/2017,5,0
12/6/2016,5,0
02/16/2018,5,0
11/6/2016,5,0
01/10/2019,5,0
07/18/2018,5,0
03/26/2017,5,1
12/14/2018,5,0
10/9/2018,5,0
01/7/2019,5,0
11/2/2017,5,0
10/29/2017,5,0
11/15/2017,5,0
02/2/2018,5,0
05/9/2017,5,0
06/21/2017,4,0
02/4/2019,5,0
09/2/2017,5,0
03/27/2018,5,0
09/1/2017,5,0
10/10/2017,5,0
12/19/2017,5,0
06/20/2018,5,0
10/27/2017,1,39
09/19/2018,5,0
07/27/2018,5,0
10/20/2016,5,0
11/18/2018,5,0
03/15/2018,5,0
09/15/2016,5,0
01/28/2018,5,0
08/22/2017,5,0
07/3/2018,5,0
10/8/2017,5,0
11/11/2017,4,0
01/5/2018,5,0
09/16/2017,5,0
09/18/2018,5,0
08/10/2017,4,0
02/8/2017,5,0
01/13/2019,5,0
10/2/2016,5,0
05/5/2017,5,0
03/2/2017,5,0
10/1/2017,5,0
10/24/2017,4,0
05/9/2017,5,0
04/22/2018,5,0
02/28/2017,5,0
01/10/2018,5,0
03/19/2018,4,0
10/23/2016,4,3
11/7/2017,4,0
03/19/2017,5,0
11/13/2016,5,0
12/24/2017,3,2
04/25/2017,4,0
07/1/2018,5,0
10/9/2017,4,0
01/17/2018,5,0
12/6/2018,4,0
03/16/2017,5,0
04/6/2018,5,0
12/29/2016,5,4
05/2/2018,5,0
01/24/2018,4,0
05/15/2017,5,0
01/28/2018,4,0
01/28/2017,4,0
10/23/2017,5,0
02/7/2019,1,0
04/3/2018,5,0
08/8/2018,5,0
04/25/2017,5,0
06/14/2018,5,0
10/30/2017,5,0
02/15/2017,5,0
08/26/2017,5,0
11/15/2017,5,0
08/24/2017,5,0
01/2/2018,5,0
04/22/2017,5,0
01/8/2017,5,0
02/25/2018,5,0
04/28/2018,5,0
07/27/2017,5,1
08/9/2017,5,0
05/24/2017,2,17
09/23/2017,4,0
08/3/2017,5,0
01/6/2017,5,0
11/16/2017,5,0
10/1/2017,5,0
06/10/2018,5,0
01/16/2019,5,0
05/21/2018,4,0
08/27/2017,5,0
06/18/2017,5,1
12/26/2017,5,0
03/20/2017,4,0
10/1/2018,4,0
11/17/2017,5,0
01/21/2017,5,0
05/1/2017,5,0
11/30/2018,1,0
05/6/2017,5,0
06/19/2018,5,0
02/10/2019,5,0
06/16/2018,5,0
11/11/2016,5,0
01/27/2018,5,0
01/24/2018,5,0
09/29/2017,5,0
07/1/2018,5,0
09/26/2017,2,5
12/26/2017,5,0
10/13/2017,5,0
01/12/2018,5,0
02/25/2019,3,0
09/20/2018,5,0
08/29/2017,5,0
11/2/2017,5,0
08/16/2018,5,0
03/25/2017,5,0
06/26/2018,4,0
01/27/2018,5,0
03/22/2018,5,0
04/9/2018,5,0
11/8/2018,5,0
06/3/2018,5,0
07/21/2017,5,0
01/20/2019,5,0
02/25/2018,5,0
04/23/2018,5,0
04/24/2018,5,0
09/30/2016,5,1
02/16/2018,5,0
03/1/2019,5,0
01/31/2018,5,0
03/28/2018,5,0
05/20/2017,5,0
01/18/2017,5,0
08/25/2017,5,0
01/13/2017,5,2
03/26/2018,5,0
01/14/2019,5,0
07/8/2017,4,0
11/19/2017,5,0
02/26/2018,5,0
11/9/2017,5,0
10/24/2016,5,0
07/28/2018,5,0
11/10/2016,5,0
02/14/2017,5,0
03/13/2018,5,0
02/28/2018,3,0
09/7/2017,5,0
08/30/2018,5,0
10/8/2017,5,0
01/31/2017,4,0
01/17/2017,4,0
12/7/2017,4,0
09/23/2016,5,0
09/16/2016,5,1
03/19/2017,5,0
02/20/2018,4,0
11/18/2016,5,0
08/28/2017,5,0
12/19/2017,5,0
01/3/2019,5,0
04/30/2017,4,3
09/11/2018,5,0
01/10/2017,5,0
11/18/2017,5,2
09/20/2018,5,0
01/12/2017,4,1
01/5/2018,5,0
07/25/2018,5,0
01/15/2017,4,10
03/5/2017,5,0
02/4/2019,4,0
09/27/2016,5,0
02/22/2017,5,0
08/25/2017,5,0
04/29/2018,5,0
02/23/2018,5,0
10/30/2017,4,0
08/30/2017,5,0
12/8/2017,5,0
10/25/2016,5,1
08/15/2017,5,1
12/10/2016,5,0
11/17/2016,5,0
09/19/2017,5,0
02/1/2019,1,0
09/19/2017,5,0
01/31/2017,5,0
10/29/2016,5,3
11/21/2016,5,0
01/10/2017,5,0
11/2/2016,5,0
12/9/2016,5,0
08/4/2017,5,0
08/10/2017,5,0
03/18/2017,5,0
08/24/2017,4,0
09/26/2017,5,0
03/20/2018,5,0
11/30/2017,5,0
09/6/2017,4,0
09/28/2017,4,0
08/30/2017,5,0
02/6/2017,5,0
09/14/2018,5,0
02/11/2019,5,0
12/20/2016,4,0
12/1/2016,5,0
01/28/2018,5,0
01/29/2018,5,0
09/29/2018,5,0
12/12/2016,5,0
01/24/2017,5,0
05/16/2017,5,2
01/21/2017,4,0
08/29/2017,5,0
01/2/2019,2,0
09/14/2017,5,0
10/19/2017,5,0
03/28/2017,5,0
01/14/2017,5,0
05/27/2018,5,0
02/19/2018,5,1
08/5/2017,5,0
01/29/2018,5,0
03/30/2017,5,1
01/16/2018,5,0
01/25/2017,5,0
04/28/2017,4,0
12/26/2017,5,0
08/1/2018,5,0
01/5/2017,4,2
02/5/2017,5,0
09/23/2017,5,0
10/29/2018,5,0
05/3/2018,5,0
02/12/2019,5,0
05/31/2017,5,0
04/20/2017,5,0
12/23/2017,5,0
01/21/2018,4,0
08/21/2018,5,0
07/14/2017,5,1
01/11/2017,4,0
12/29/2016,5,0
01/22/2018,5,0
02/24/2017,5,0
10/13/2016,5,0
03/1/2018,4,0
03/18/2019,5,0
01/21/2017,5,0
04/23/2017,5,0
12/31/2016,5,0
09/23/2017,5,0
05/4/2017,5,1
03/3/2017,5,0
10/17/2018,5,0
02/9/2017,5,0
01/27/2019,2,0
06/5/2018,4,0
12/30/2017,5,0
04/22/2017,5,0
08/22/2017,5,0
08/3/2018,5,0
09/18/2017,5,0
09/24/2018,5,0
08/25/2018,5,0
01/3/2017,5,0
12/8/2016,5,0
03/8/2019,5,0
01/24/2017,5,0
09/26/2017,5,0
01/31/2017,5,0
03/16/2018,4,0
01/20/2017,5,0
03/8/2019,5,0
01/4/2018,5,0
08/11/2017,5,2
06/13/2018,5,0
07/25/2018,4,0
04/15/2018,5,0
10/23/2017,5,0
08/25/2017,4,0
05/8/2017,5,2
10/28/2017,5,0
10/11/2017,5,0
01/3/2019,5,0
01/8/2017,5,0
09/14/2017,4,0
08/22/2018,5,0
07/30/2018,5,0
03/25/2017,5,0
04/28/2017,5,0
10/3/2017,5,0
04/20/2017,5,0
07/16/2017,2,4
09/26/2017,5,0
01/19/2017,5,0
10/28/2017,4,0
05/9/2017,4,0
01/1/2017,5,0
11/29/2016,5,0
04/20/2017,4,0
10/25/2017,5,0
12/11/2017,4,0
06/26/2017,5,0
03/31/2018,5,0
02/14/2019,1,0
05/15/2018,5,0
02/25/2018,5,0
12/15/2017,5,0
07/22/2017,4,1
09/8/2017,4,1
01/12/2017,5,0
09/8/2017,5,0
01/10/2018,5,0
01/4/2018,3,2
02/3/2019,1,0
03/16/2018,5,0
08/6/2017,5,0
01/11/2017,5,0
07/27/2017,4,0
02/20/2017,5,0
09/4/2017,4,0
09/2/2017,5,0
08/26/2017,5,1
05/7/2017,5,0
11/28/2016,5,0
09/23/2017,5,0
02/22/2019,5,0
09/11/2017,5,0
11/7/2016,5,0
12/24/2016,5,1
08/11/2018,5,0
11/28/2017,5,0
01/29/2017,5,0
06/13/2018,5,0
07/18/2017,4,1
03/20/2017,5,0
10/13/2017,5,0
10/29/2017,5,0
01/7/2019,3,0
04/14/2017,5,0
12/12/2016,5,0
05/4/2018,5,0
09/20/2017,5,0
05/31/2017,4,0
01/18/2017,5,0
05/16/2017,5,0
12/23/2017,5,0
01/7/2017,5,0
08/2/2017,5,1
10/16/2017,5,0
01/8/2017,5,0
03/12/2019,5,0
04/9/2018,5,0
03/2/2018,4,0
08/27/2017,5,0
01/14/2019,5,0
11/22/2016,5,0
01/31/2017,5,0
05/17/2017,5,0
11/15/2017,5,0
05/5/2017,5,0
08/4/2017,5,0
03/8/2018,4,0
03/28/2018,5,0
11/14/2016,5,0
01/5/2019,5,0
05/21/2017,5,0
09/14/2016,5,0
01/10/2017,5,0
12/22/2016,4,1
06/24/2018,4,0
05/12/2017,5,0
02/19/2018,5,0
09/17/2017,5,0
02/14/2018,4,0
12/19/2017,5,0
08/26/2017,5,0
04/10/2018,5,0
01/11/2018,5,0
10/13/2018,5,0
12/20/2016,4,0
05/28/2018,5,0
08/9/2017,4,0
08/4/2017,5,0
10/11/2017,5,0
02/21/2018,5,0
02/2/2019,5,0
09/19/2017,5,0
08/16/2018,5,0
03/15/2018,5,0
06/7/2017,5,3
11/23/2016,5,0
02/23/2017,4,0
01/28/2019,1,0
12/20/2016,5,0
01/27/2018,5,0
05/23/2017,2,26
12/12/2016,5,0
06/29/2018,5,0
04/15/2017,5,0
01/18/2017,5,0
10/27/2016,5,2
11/12/2016,5,0
08/27/2017,4,0
09/17/2016,5,0
02/5/2017,5,0
11/29/2017,5,0
03/6/2017,5,0
01/10/2018,5,0
12/20/2017,5,0
05/3/2017,4,0
04/23/2017,5,0
10/13/2017,5,0
05/9/2018,5,0
10/25/2018,5,0
12/8/2016,5,0
02/23/2017,4,0
03/6/2017,5,0
05/18/2017,5,0
10/14/2016,5,0
10/19/2016,5,0
06/7/2017,3,4
10/2/2017,5,0
10/17/2018,5,0
07/25/2018,5,0
02/3/2017,4,4
10/9/2017,2,1
03/4/2019,4,0
04/27/2017,5,0
02/11/2018,5,0
01/5/2017,5,0
08/22/2018,1,0
03/15/2017,5,0
01/10/2019,5,0
03/2/2019,5,0
01/10/2017,5,0
12/6/2016,4,0
10/1/2017,5,0
07/27/2017,5,11
03/19/2018,1,27
11/2/2018,2,0
01/17/2019,4,0
11/19/2018,5,0
01/19/2017,5,0
10/13/2016,5,0
09/26/2016,5,0
12/30/2016,5,0
11/9/2017,5,0
10/22/2016,5,0
05/11/2017,5,0
01/25/2017,5,0
03/19/2017,5,0
01/31/2017,5,0
09/24/2017,5,0
02/24/2019,5,0
09/18/2017,5,0
09/26/2017,5,0
09/4/2017,5,0
02/4/2018,5,0
02/12/2017,4,4
03/7/2017,5,0
08/21/2017,5,0
11/15/2016,5,0
01/4/2019,5,0
05/23/2018,5,0
01/12/2019,5,0
04/16/2017,5,0
02/11/2017,5,1
12/9/2016,5,0
06/30/2017,5,0
05/8/2018,5,0
12/6/2017,5,0
04/28/2017,5,0
07/22/2017,2,3
12/9/2017,4,2
01/4/2017,5,0
03/30/2018,5,0
10/9/2016,5,2
02/23/2019,5,0
06/23/2017,2,14
10/11/2017,5,0
04/2/2018,5,0
12/6/2017,5,0
08/4/2017,5,0
03/12/2018,5,1
06/14/2018,5,0
01/28/2018,1,10
09/22/2017,4,0
11/17/2018,5,0
10/20/2018,1,0
10/16/2018,5,0
01/23/2017,5,0
01/31/2017,5,0
05/14/2017,5,0
12/6/2016,5,0
05/9/2017,5,0
08/11/2017,5,0
05/23/2017,5,0
01/10/2018,5,0
09/25/2016,5,2
04/2/2017,4,1
12/5/2017,5,0
05/5/2017,5,0
10/15/2016,5,0
12/12/2016,5,0
10/3/2017,5,0
09/5/2017,2,4
12/29/2016,5,0
08/14/2018,5,0
09/2/2017,4,0
05/17/2017,5,0
10/11/2017,5,0
11/22/2017,5,0
01/8/2017,5,0
03/2/2017,5,0
04/8/2018,5,0
01/26/2017,5,0
11/28/2016,4,0
11/19/2017,5,0
01/4/2017,5,0
12/1/2017,5,0
08/14/2017,5,0
08/25/2018,1,1
04/20/2017,5,0
08/29/2017,5,0
08/21/2017,5,0
11/26/2016,5,0
09/21/2016,5,0
01/19/2018,2,2
08/14/2017,5,0
04/15/2017,5,0
02/18/2018,5,0
10/22/2016,5,2
04/18/2017,5,0
04/23/2017,5,2
09/9/2018,1,0
12/6/2016,5,0
05/17/2017,5,0
09/25/2017,5,0
12/5/2016,5,0
11/13/2016,5,0
03/11/2018,4,0
08/1/2017,5,0
12/11/2016,5,1
09/28/2016,5,0
06/13/2018,5,0
02/4/2017,5,0
03/15/2017,5,0
11/11/2016,5,1
11/29/2018,1,0
11/5/2017,5,0
05/23/2017,5,0
11/27/2016,5,3
06/21/2017,5,0
05/1/2017,5,0
12/22/2016,5,0
08/26/2017,5,0
01/23/2017,5,0
09/23/2016,5,0
11/23/2016,5,0
10/8/2017,5,0
11/20/2016,3,5
01/27/2017,5,0
01/28/2017,5,0
11/12/2016,5,0
01/14/2017,5,0
01/23/2017,5,0
03/3/2017,5,0
03/15/2017,5,0
09/24/2017,5,0
01/5/2017,5,37
03/22/2017,5,0
11/20/2017,5,0
09/14/2017,5,0
03/8/2018,5,0
11/3/2017,5,0
02/20/2018,5,0
02/16/2017,5,0
04/20/2017,5,0
10/6/2017,5,0
05/23/2017,5,0
09/16/2017,4,0
10/10/2016,5,3
09/22/2016,5,0
12/20/2016,5,0
10/8/2017,5,0
11/5/2017,5,0
10/7/2016,5,0
12/19/2016,4,0
10/9/2016,5,3
01/24/2017,5,2
04/19/2018,1,8
10/13/2016,5,0
09/29/2017,5,0
01/20/2018,4,0
12/5/2017,5,0
05/19/2017,3,22
11/15/2016,4,0
09/20/2016,5,4
09/20/2016,5,1
11/21/2017,5,0
01/26/2017,5,0
12/8/2017,5,0
09/23/2016,5,0
10/28/2016,5,0
01/7/2017,3,3
10/16/2017,5,0
01/17/2018,5,0
01/19/2017,5,0
05/31/2017,5,0
10/13/2017,2,0
08/30/2017,4,0
04/28/2017,5,0
02/9/2017,4,0
10/3/2017,3,1
01/6/2019,1,0
10/21/2017,5,0
09/19/2017,5,0
10/11/2016,5,0
01/12/2017,5,0
08/14/2017,5,0
05/14/2017,5,0
09/29/2017,5,0
11/23/2016,5,0
11/1/2017,5,0
02/9/2017,5,0
08/15/2017,5,0
12/6/2017,5,0
09/16/2016,5,0
10/10/2016,5,0
10/10/2016,5,0
08/22/2017,5,0
11/21/2016,5,0
08/14/2017,5,0
10/12/2016,4,0
10/21/2016,5,0
08/25/2017,5,0
08/18/2017,5,0
03/26/2017,5,0
01/23/2018,1,13
10/18/2016,5,1
12/15/2016,4,0
02/2/2017,5,0
02/19/2018,5,0
11/15/2016,5,0
02/19/2017,5,0
11/15/2016,4,0
11/22/2016,5,0
01/3/2017,5,0
10/4/2017,4,1
03/18/2017,5,0
12/1/2017,5,0
01/23/2017,5,0
12/14/2017,5,0
09/26/2017,5,0
11/12/2017,5,0
02/9/2017,5,0
08/26/2017,5,0
10/28/2017,5,0
10/13/2016,5,2
04/6/2017,5,3
07/29/2017,5,0
08/31/2017,5,0
03/9/2017,5,0
08/6/2017,5,0
09/26/2017,5,0
09/4/2017,5,0
05/7/2018,1,8
10/8/2017,5,0
08/12/2017,5,0
10/23/2016,4,0
11/3/2017,5,0
01/30/2017,4,0
04/10/2017,5,0
02/8/2018,5,0
04/24/2017,5,0
01/25/2017,5,0
10/4/2016,5,4
10/4/2017,5,0
10/21/2016,4,13
10/29/2016,5,0
03/6/2017,5,0
10/11/2016,5,0
10/6/2016,5,0
05/22/2017,5,0
09/29/2017,5,0
07/29/2017,5,0
11/24/2017,5,0
11/15/2017,5,0
03/4/2017,5,0
09/26/2017,5,0
01/19/2018,3,3
09/23/2017,5,0
11/8/2017,5,0
01/9/2017,5,0
03/6/2017,5,0
08/25/2017,5,0
11/6/2016,5,0
06/5/2017,5,1
03/8/2017,5,0
04/19/2017,5,2
12/16/2016,5,4
02/6/2017,4,0
03/5/2017,2,22
03/5/2018,1,7
03/17/2017,5,2
10/8/2016,4,7
02/4/2017,4,0
10/19/2016,5,2
03/30/2018,1,7
09/30/2016,5,2
01/12/2017,5,0
03/26/2017,5,1
07/19/2017,5,0
01/16/2017,5,0
02/9/2017,5,0
10/15/2016,5,0
09/2/2017,3,1
01/16/2017,5,0
08/14/2017,5,0
08/15/2017,2,4
02/17/2017,5,0
09/5/2017,5,0
02/16/2017,5,5
08/13/2017,5,0
11/6/2016,5,0
09/19/2016,4,534
07/20/2017,5,0
09/6/2017,5,3
10/30/2017,3,1
10/16/2016,5,143
07/19/2017,4,0
02/10/2017,5,0
11/3/2017,3,1
03/7/2017,5,7
04/16/2017,5,0
01/2/2017,5,0
01/10/2017,4,1
01/27/2017,5,0
12/5/2016,5,0
02/28/2017,5,2
12/9/2016,5,0
01/5/2017,5,0
01/9/2018,3,2
03/4/2017,5,0
01/4/2017,5,0
09/17/2016,5,2
12/1/2016,5,0
01/25/2017,5,0
10/11/2017,3,2
04/7/2017,5,3
05/21/2017,4,0
09/26/2016,5,2
02/5/2017,5,0
09/29/2016,5,0
10/20/2016,5,0
01/18/2017,5,0
12/2/2016,5,0
09/18/2016,5,1
01/2/2017,5,1
12/2/2016,5,0
04/9/2018,1,19
04/7/2017,5,4
11/13/2016,5,0
10/26/2016,5,0
03/14/2017,5,3
05/2/2017,4,0
04/26/2017,5,0
11/5/2016,5,0
01/29/2018,2,1
04/20/2017,5,0
11/2/2016,5,0
01/3/2017,5,0
07/17/2017,5,1
10/18/2016,5,0
09/24/2016,5,1
12/8/2016,5,0
03/3/2017,4,0
08/15/2017,5,0
09/19/2016,5,14
10/15/2016,5,0
10/6/2017,5,2
07/3/2017,4,2
01/24/2017,1,101
09/15/2016,4,0
07/4/2018,1,1
11/30/2016,5,0
01/18/2017,5,1
05/4/2017,5,3
10/18/2016,5,0
07/23/2017,5,1
07/18/2017,5,0
11/20/2016,5,0
06/22/2017,3,10
12/16/2016,5,0
07/24/2017,5,1
12/9/2016,5,0
03/29/2017,5,2
05/4/2017,5,1
09/18/2016,5,2
06/7/2017,5,0
01/26/2017,3,10
07/1/2017,2,12
06/17/2017,5,0
04/29/2017,3,2
02/21/2018,1,3
02/25/2017,5,2
09/4/2017,2,3
03/3/2017,5,1
05/10/2017,5,3
04/26/2018,1,8
09/12/2017,2,3
10/11/2016,5,0
03/21/2017,4,1
09/23/2016,5,2
03/10/2017,5,2
12/30/2016,5,0
10/18/2018,2,0
10/25/2016,5,11
01/25/2017,5,0
06/15/2017,5,1
10/23/2016,5,3
12/16/2016,5,1
11/19/2017,4,0
02/13/2017,5,1
10/31/2016,5,2
05/30/2017,3,2
10/22/2016,4,10
09/11/2018,1,3
12/22/2016,2,9
02/25/2017,5,3
06/23/2017,5,4
01/3/2018,3,2
03/6/2018,1,2
09/11/2017,5,1
09/3/2017,2,1
10/19/2016,5,2
10/12/2017,5,0
11/6/2016,5,1
02/12/2018,5,0
11/4/2016,5,3
07/29/2017,5,0
03/16/2017,5,0
03/4/2017,5,1
01/8/2018,5,0
07/9/2017,5,2
06/11/2018,3,0
03/28/2017,5,1
07/18/2017,5,0
03/30/2017,5,3
03/16/2017,5,2
07/21/2017,5,0
09/17/2017,1,3
07/26/2017,5,0
02/1/2018,2,3
05/25/2017,5,2
12/24/2016,5,3
03/16/2017,5,1
10/10/2016,5,1
06/28/2017,5,4
07/21/2017,4,0
04/26/2017,5,0
09/24/2017,2,1
02/5/2017,5,1
02/12/2017,5,0
01/21/2017,5,0
06/29/2017,5,1
12/6/2016,5,0
03/12/2017,5,1
11/24/2016,5,4
03/19/2017,5,0
09/19/2016,5,2
05/7/2017,5,8
07/11/2017,2,5
01/8/2017,5,1
07/25/2017,5,0
01/19/2018,5,0
07/18/2017,5,1
12/22/2017,5,0
03/11/2018,1,50
01/28/2017,3,2
09/6/2017,5,0
11/23/2016,5,2
02/14/2018,2,5
03/28/2017,5,1
06/21/2018,2,0
02/27/2017,5,1
01/12/2017,5,0
11/20/2016,5,0
05/9/2017,3,1
02/24/2017,5,1
11/19/2017,5,1
03/24/2017,5,2
03/8/2017,5,0
01/4/2017,5,6
11/8/2016,4,0
07/18/2017,3,1
08/25/2018,1,0
03/8/2017,5,0
06/5/2017,5,1
09/14/2016,5,5
02/25/2017,5,1
04/13/2017,5,0
08/30/2017,5,0
07/29/2017,5,0
08/19/2017,3,1
09/11/2017,3,2
04/10/2017,5,1
03/15/2017,5,0
08/1/2017,2,1
01/26/2017,4,1
07/31/2017,5,0
04/6/2017,5,2
11/16/2017,5,0
05/28/2017,5,1
03/14/2017,5,1
07/15/2017,5,0
10/11/2016,5,0
11/22/2016,5,1
08/20/2018,5,0
06/19/2017,4,0
07/8/2017,5,0
05/1/2017,5,1
09/3/2018,5,0
06/17/2017,5,1
08/26/2017,5,0
10/3/2016,5,0
02/19/2018,1,5
11/7/2016,5,0
07/21/2017,3,0
06/17/2017,5,0
04/4/2017,5,1
03/23/2017,3,1
06/26/2017,4,0
09/24/2017,2,2
12/14/2016,3,30
12/7/2017,4,0
06/19/2018,1,1
10/13/2016,5,1
06/25/2017,5,0
08/4/2017,2,2
10/3/2016,5,1
07/19/2017,4,0
01/27/2018,1,15
10/13/2016,5,7
12/21/2017,5,0
04/5/2017,5,2
10/22/2016,5,1
10/11/2017,1,12
09/19/2016,5,1
07/5/2017,5,0
02/24/2017,5,7
06/28/2017,5,1
01/18/2018,1,4
11/29/2016,2,19
12/24/2017,5,0
01/29/2017,5,0
05/31/2017,5,0
09/23/2016,5,0
10/24/2016,5,3
02/6/2018,1,8
08/24/2017,5,0
05/22/2017,2,52
03/1/2018,1,2
08/11/2017,5,0
02/8/2017,5,1
07/25/2017,5,0
11/5/2017,3,0
07/1/2017,5,1
06/17/2017,5,0
08/22/2017,3,0
01/16/2018,1,3
07/5/2017,5,0
07/14/2017,5,0
01/9/2017,5,0
07/18/2017,4,0
03/7/2018,1,5
08/17/2017,4,0
03/27/2017,5,1
06/23/2017,5,3
10/18/2017,3,1
05/25/2017,4,1
08/25/2017,5,0
02/14/2018,1,2
02/26/2017,5,1
07/28/2017,5,0
10/14/2016,5,3
04/10/2017,5,1
08/23/2017,3,0
04/19/2017,5,1
12/23/2017,5,0
12/11/2017,5,0
10/31/2016,5,1
05/28/2017,5,0
05/5/2017,5,1
05/7/2017,5,0
02/10/2017,3,3
06/5/2017,5,1
08/15/2017,5,0
08/10/2017,3,1
09/29/2017,5,0
04/21/2017,5,0
11/18/2017,5,0
11/20/2017,5,0
07/2/2017,5,0
12/20/2016,4,0
06/2/2017,5,2
06/16/2017,4,0
04/19/2017,5,1
03/29/2017,5,1
10/5/2017,5,0
10/18/2016,5,2
06/24/2017,5,1
04/2/2017,5,2
07/18/2017,4,1
02/21/2017,5,14
10/28/2017,5,0
08/1/2017,5,0
07/24/2017,5,0
02/1/2018,1,7
09/23/2017,3,1
10/22/2016,5,1
07/27/2017,5,0
12/23/2017,5,0
03/7/2017,5,0
11/14/2016,5,0
12/27/2016,5,5
06/29/2017,4,0
06/1/2017,5,1
07/29/2017,5,1
05/5/2017,3,1
07/4/2017,5,2
04/10/2017,5,1
06/18/2017,3,2
01/15/2017,5,0
10/7/2017,5,0
07/4/2018,5,0
10/20/2017,5,0
04/11/2017,5,0
12/28/2016,5,0
07/4/2017,5,0
07/26/2017,5,0
04/3/2018,3,0
05/16/2017,5,1
09/4/2017,3,2
02/23/2017,5,0
11/27/2017,5,0
12/2/2017,5,0
07/21/2017,4,0
12/27/2017,5,0
09/19/2016,5,27
06/22/2017,5,0
09/14/2016,5,0
12/28/2017,1,5
05/7/2017,4,0
08/5/2017,5,0
10/13/2016,5,1
08/3/2017,3,1
02/27/2017,5,1
12/28/2017,3,0
10/11/2017,5,0
09/19/2017,4,0
04/21/2017,5,0
07/25/2017,5,0
12/17/2016,5,1
12/25/2016,3,5
10/2/2017,5,0
06/3/2017,5,0
12/9/2016,5,0
06/5/2018,1,2
05/14/2017,5,1
02/9/2017,5,0
12/2/2017,5,0
07/9/2017,5,0
03/20/2017,4,1
06/10/2018,3,0
10/9/2016,5,1
02/25/2017,5,1
08/22/2017,5,0
12/19/2017,5,0
07/9/2017,5,0
08/23/2017,3,2
04/27/2017,5,0
05/28/2017,5,1
08/4/2017,3,1
06/28/2017,5,1
06/23/2017,5,0
12/5/2017,5,0
08/17/2017,5,0
09/6/2017,5,0
07/30/2017,5,0
07/31/2017,5,0
02/8/2018,4,0
11/1/2016,5,0
07/3/2017,5,0
05/6/2017,5,0
09/3/2017,5,0
08/19/2017,4,0
05/20/2017,5,0
09/26/2017,1,11
12/14/2017,5,0
11/14/2017,5,0
04/20/2017,5,0
09/12/2017,5,0
06/13/2017,5,0
08/19/2017,5,0
08/28/2017,4,0
06/11/2017,4,0
01/7/2018,3,5
06/9/2017,5,0
06/2/2017,5,1
03/29/2017,5,2
10/11/2017,5,0
10/30/2017,4,0
03/29/2017,5,1
12/14/2016,5,0
08/21/2017,2,1
07/20/2018,3,0
03/24/2017,5,0
08/28/2017,3,1
09/6/2017,5,0
07/25/2017,5,0
06/17/2017,4,0
06/27/2017,4,1
09/5/2017,5,0
10/8/2017,3,0
09/13/2017,5,0
04/10/2018,5,0
11/7/2017,5,0
07/4/2017,5,0
09/29/2017,4,0
06/11/2017,5,1
07/25/2017,5,0
05/17/2017,5,0
07/4/2017,5,0
10/30/2017,5,0
07/4/2017,5,0
06/15/2017,5,0
07/19/2018,5,0
07/7/2017,5,0
05/20/2017,5,0
06/27/2017,3,0
11/11/2017,5,0
07/30/2017,5,0
07/7/2017,5,0
03/20/2018,1,3
07/4/2017,5,0
01/9/2017,5,0
07/3/2017,5,0
07/12/2017,5,0
09/30/2016,5,5
05/11/2017,4,0
10/9/2017,4,0
06/12/2017,5,1
05/11/2017,3,0
06/4/2017,5,1
06/20/2018,3,0
06/27/2017,5,0
11/30/2017,3,0
01/16/2017,2,74
07/3/2017,4,0
06/7/2017,4,0
07/30/2017,4,0
05/31/2017,5,0
09/3/2017,5,0
07/21/2017,5,0
11/17/2017,3,1
07/28/2017,5,0
12/26/2016,5,1
07/23/2017,4,0
01/5/2017,4,1
08/17/2017,5,0
09/28/2017,5,0
09/5/2017,2,1
07/18/2017,4,0
09/26/2016,5,0
07/17/2017,5,0
09/22/2016,5,6
06/1/2017,5,1
09/15/2017,2,0
02/18/2017,5,1
07/22/2017,3,0
07/4/2017,5,0
06/10/2017,3,0
03/29/2018,3,0
06/10/2018,5,0
10/23/2017,1,5
07/26/2017,5,0
05/29/2017,5,1
07/19/2017,5,0
02/26/2018,1,2
07/18/2017,2,0
12/27/2016,5,0
07/14/2017,4,0
12/15/2016,5,0
12/14/2016,5,0
05/15/2017,4,0
07/15/2017,3,1
04/11/2018,5,0
04/29/2017,5,0
09/16/2016,4,5
06/14/2017,4,1
10/7/2016,5,0
08/10/2017,3,0
07/26/2017,5,0
03/3/2017,4,0
06/7/2017,5,1
01/27/2017,3,1
07/24/2017,5,0
01/30/2017,5,0
07/7/2017,5,0
07/18/2017,5,0
01/7/2017,3,1
04/8/2018,5,0
05/27/2017,5,1
09/15/2017,5,1
06/29/2017,5,0
04/21/2017,3,0
02/20/2017,5,1
07/17/2017,5,0
03/20/2017,5,0
06/7/2017,5,0
09/28/2017,3,0
03/11/2018,1,0
08/1/2017,5,0
07/22/2017,5,1
09/25/2017,4,0
11/8/2017,5,0
06/11/2017,5,1
01/3/2017,2,13
08/1/2017,4,0
09/23/2016,5,0
03/25/2018,3,0
07/20/2017,5,0
01/31/2018,3,0
06/17/2017,5,0
05/2/2017,4,0
07/24/2017,5,0
02/22/2017,5,0
03/6/2017,5,0
01/3/2017,3,0
06/10/2017,5,0
07/26/2017,5,0
08/17/2017,5,0
09/14/2016,5,1
07/19/2017,4,0
01/25/2017,3,0
07/23/2017,5,1
08/21/2017,3,0
07/27/2017,5,0
07/12/2017,4,0
07/17/2017,5,0
05/24/2017,5,1
01/21/2017,2,10
07/30/2017,2,1
09/19/2016,5,2
08/1/2017,5,0
01/11/2018,3,0
07/15/2017,5,0
07/30/2017,5,0
08/17/2017,3,0
07/1/2017,5,1
07/5/2018,5,0
02/28/2017,3,1
07/23/2017,5,1
07/27/2017,5,0
06/15/2017,5,0
01/11/2018,5,0
08/6/2017,1,81
08/2/2018,1,1
07/3/2017,5,1
03/22/2017,5,0
06/26/2017,5,0
07/5/2018,5,0
03/6/2017,5,0
07/22/2017,4,0
08/9/2017,3,0
07/13/2017,5,0
07/12/2017,5,0
05/18/2017,5,0
12/14/2017,1,3
12/23/2017,5,0
03/14/2017,3,1
01/12/2018,5,0
06/14/2017,5,0
12/30/2016,5,0
06/6/2017,5,1
10/24/2017,2,1
06/17/2018,5,0
07/25/2017,5,0
07/12/2017,5,0
10/8/2016,5,42
07/28/2017,5,0
06/21/2017,5,0
07/5/2017,5,2
09/27/2017,3,1
11/17/2016,5,0
06/15/2017,5,0
07/29/2017,5,0
02/8/2018,1,3
07/13/2017,5,0
10/2/2016,5,0
08/16/2017,5,0
07/29/2017,5,0
06/13/2018,5,1
07/30/2017,4,0
07/5/2018,5,0
06/30/2017,5,0
07/14/2017,5,0
08/22/2017,5,0
08/21/2017,4,0
07/11/2017,5,0
06/8/2017,5,1
07/26/2017,5,0
08/17/2017,1,10
06/1/2017,2,8
07/29/2017,5,0
09/21/2016,5,0
06/28/2017,5,1
06/20/2017,5,1
04/16/2017,5,0
06/1/2017,5,1
12/12/2017,1,14
09/21/2018,1,0
09/14/2016,5,1
05/13/2018,2,0
02/26/2018,1,2
07/31/2017,5,0
04/25/2017,5,0
07/29/2017,5,0
07/29/2017,5,0
07/20/2018,5,0
07/27/2017,5,0
07/5/2017,5,0
10/27/2016,5,0
11/15/2016,5,1
09/12/2017,3,0
07/18/2018,2,0
07/19/2017,4,0
07/31/2017,4,0
07/29/2017,5,0
07/22/2017,5,0
07/23/2017,5,1
12/25/2016,3,56
07/18/2017,4,0
07/29/2017,5,0
07/28/2017,5,0
03/28/2017,5,1
07/26/2017,4,0
07/18/2017,4,0
11/3/2016,5,0
07/31/2017,5,0
09/15/2016,4,3
11/1/2016,5,2
07/27/2017,5,0
01/26/2017,3,6
07/17/2017,5,0
07/11/2017,4,0
07/18/2017,5,0
12/14/2016,5,0
07/8/2017,5,0
06/29/2017,5,1
08/27/2017,1,4
07/27/2017,5,0
03/22/2017,5,0
04/15/2017,5,0
10/3/2017,5,0
06/25/2017,5,0
07/27/2017,5,0
07/23/2017,3,0
07/18/2017,5,0
08/1/2018,1,0
07/20/2017,5,0
07/22/2017,5,0
03/24/2017,5,0
10/17/2016,5,0
03/21/2017,5,0
04/30/2017,5,0
07/12/2017,5,0
06/5/2017,5,0
11/9/2017,3,0
08/6/2017,3,1
05/5/2017,5,0
06/23/2017,5,1
07/28/2017,5,0
06/3/2017,5,0
07/13/2017,5,0
07/31/2017,5,0
05/12/2017,5,0
01/16/2018,5,0
10/20/2016,4,0
11/4/2017,4,0
01/25/2018,1,4
06/22/2017,5,0
01/14/2018,2,1
07/29/2017,5,0
12/17/2017,2,2
10/20/2017,1,3
06/5/2017,5,0
10/30/2016,3,14
07/16/2017,5,1
09/16/2017,2,0
09/22/2018,1,0
09/4/2017,4,0
07/24/2018,1,0
01/14/2017,5,0
08/9/2018,5,0
06/27/2017,5,0
09/12/2017,3,0
01/19/2017,5,0
08/25/2017,3,0
10/17/2016,5,0
07/11/2017,3,5
12/13/2016,4,0
11/10/2017,1,7
09/24/2017,1,6
09/21/2016,5,0
08/17/2017,5,0
12/19/2017,1,2
12/9/2017,5,0
10/14/2016,5,0
07/10/2017,3,2
05/25/2017,3,4
12/30/2016,5,0
06/30/2017,5,4
10/17/2016,5,0
12/6/2016,5,0
07/8/2017,5,0
09/15/2017,1,0
10/26/2017,1,3
07/10/2017,5,0
06/30/2017,4,1
04/15/2017,3,7
03/5/2017,5,0
01/23/2017,3,2
03/28/2017,3,3
07/3/2017,5,2
09/6/2017,1,12
12/13/2016,5,0
07/24/2017,5,0
06/12/2017,5,1
01/29/2018,1,3
12/28/2017,3,1
05/27/2017,5,0
03/12/2017,3,2
12/26/2017,1,5
10/16/2016,5,1
02/24/2017,2,8
03/6/2018,1,1
07/31/2017,5,0
07/10/2017,4,0
05/30/2017,2,2
07/9/2017,5,0
12/16/2017,1,6
09/1/2017,2,2
09/21/2016,5,10
07/22/2018,3,0
07/24/2017,1,20
10/19/2017,1,4
10/9/2017,3,1
06/5/2017,4,1
04/2/2018,1,2
12/24/2016,3,3
05/25/2017,3,1
09/13/2016,5,1
03/21/2018,1,1
03/11/2018,1,1
04/3/2018,1,2
12/28/2017,1,2
01/28/2017,3,0
06/21/2017,5,0
04/21/2017,3,1
09/13/2016,5,1
09/25/2017,1,5
06/12/2017,4,0
06/1/2017,3,0
12/16/2016,3,3
05/28/2017,5,1
07/26/2017,5,0
07/18/2017,3,0
07/18/2018,5,0
09/18/2016,5,11
07/11/2017,3,1
08/1/2017,1,4
07/6/2017,5,0
01/7/2018,1,2
11/5/2017,2,0
09/15/2016,5,16
06/8/2017,2,4
01/13/2017,3,0
01/8/2018,1,5
06/4/2017,5,0
09/20/2016,5,17
06/4/2017,5,0
06/11/2017,4,0
10/6/2017,3,0
12/16/2017,2,2
07/19/2018,4,0
09/13/2016,5,1
05/30/2017,5,0
12/20/2017,1,1
03/12/2018,1,0
08/17/2017,1,12
06/5/2017,5,0
09/14/2016,5,19
08/23/2017,1,3
07/10/2017,4,0
09/4/2017,2,11
01/15/2017,5,0
06/1/2017,2,12
03/21/2017,5,0
01/27/2017,2,7
11/6/2017,2,20
09/13/2016,5,8
07/19/2017,5,0
07/16/2018,1,1
06/12/2017,5,0
12/1/2017,1,3
09/4/2017,1,2
05/23/2017,2,4
01/7/2018,3,0
07/12/2017,1,4
05/28/2017,4,1
03/13/2018,1,4
10/13/2017,1,5
09/13/2017,1,21
07/10/2017,5,0
12/8/2017,1,13
08/1/2017,1,4
05/19/2017,3,1
09/15/2017,2,17
10/17/2017,1,2
07/19/2017,3,0
08/23/2017,1,4
06/30/2017,5,11
04/13/2017,1,40
12/28/2017,1,4
09/24/2017,1,1
11/12/2016,1,47
06/2/2017,2,1
07/10/2017,1,13
12/19/2017,1,0
12/21/2017,1,0
07/26/2017,2,1
06/11/2018,3,0
06/12/2017,1,14
05/10/2017,1,22
04/19/2018,1,0
01/18/2018,1,0
09/1/2017,1,1
09/29/2016,2,26
07/21/2017,1,4
08/14/2017,1,1
06/18/2017,1,13
08/21/2017,1,5
12/27/2016,1,71
03/16/2018,1,0
06/7/2018,1,1
11/20/2017,1,0
08/3/2017,5,0
02/23/2017,2,9
01/13/2018,1,2
07/10/2017,4,0
07/31/2017,1,13
05/2/2018,2,5
07/10/2017,1,2
02/11/2017,3,1
01/2/2018,1,0
02/2/2018,2,6
01/7/2017,3,0
05/20/2017,1,7
04/20/2018,1,0
08/20/2017,1,6
04/23/2017,1,12
07/20/2017,1,9
12/23/2016,3,1
02/22/2017,1,46
01/28/2018,1,3
08/16/2017,1,1
03/19/2017,1,8
05/31/2017,1,15
05/28/2017,1,12
04/19/2017,1,9
12/22/2016,2,22
06/16/2017,3,1
12/27/2017,1,1
04/12/2018,1,4
09/19/2017,1,1
07/21/2018,4,3
09/25/2017,1,2
06/4/2017,1,8
07/10/2017,1,11
07/28/2017,1,1
03/28/2018,2,3
04/23/2017,2,4
08/2/2017,1,11
06/2/2017,2,6
01/1/2018,1,0
06/8/2017,1,5
01/12/2018,2,0
06/10/2017,1,6
06/11/2017,1,4
04/22/2018,2,2
01/10/2017,1,25
08/30/2018,2,2
04/27/2017,1,11
11/13/2017,4,2
06/30/2018,1,3
08/11/2017,1,12
12/25/2017,1,0
12/13/2016,1,10
07/26/2017,1,5
07/10/2017,1,11
03/30/2017,4,2
02/25/2018,1,0
03/28/2018,5,1
03/23/2017,4,2
03/7/2018,4,1
12/16/2017,2,3
01/31/2017,1,14
01/12/2019,2,0
12/22/2018,2,0
01/7/2018,3,8
01/9/2019,4,0
07/24/2018,1,2
07/11/2018,3,1
12/21/2018,5,1
11/14/2018,4,0
07/30/2017,1,11
01/25/2019,4,0
12/23/2018,5,0
12/26/2017,1,0
05/5/2017,1,7
08/22/2018,4,0
02/1/2019,2,0
02/19/2018,2,3
03/14/2017,1,13
08/1/2018,4,0
09/23/2017,1,40
09/3/2017,2,3
06/24/2018,3,0
05/4/2018,5,0
04/14/2018,1,3
12/18/2017,1,28
04/18/2018,1,2
12/6/2018,5,1
03/21/2019,2,0
10/16/2018,5,0
05/23/2017,1,2
10/15/2018,4,0
02/9/2019,1,0
04/26/2018,3,0
01/26/2018,1,5
04/22/2018,3,1
01/11/2019,1,1
09/14/2017,5,0
04/16/2018,1,1
11/30/2017,1,11
02/14/2017,1,11
06/23/2018,1,2
07/16/2018,5,0
05/25/2017,5,1
06/22/2018,2,0
12/3/2016,4,1
11/6/2017,2,4
09/5/2018,3,0
10/10/2018,1,1
12/21/2016,5,0
08/25/2017,1,6
02/24/2018,4,0
05/11/2018,5,0
11/24/2016,5,2
01/23/2017,1,18
08/7/2018,5,0
02/28/2018,3,0
12/14/2016,4,1
05/18/2018,2,0
10/1/2017,5,1
03/21/2017,2,2
01/7/2018,4,2
12/31/2016,2,15
12/26/2017,1,0
01/27/2019,5,0
11/10/2018,5,0
12/22/2018,5,0
02/15/2019,2,0
01/13/2018,3,4
10/12/2018,3,1
08/31/2018,5,0
08/25/2018,4,0
04/28/2017,1,3
09/14/2017,1,9
10/8/2016,5,4
03/2/2018,5,0
02/14/2017,5,0
07/31/2018,1,1
01/11/2019,4,0
12/5/2017,4,0
04/7/2018,2,3
05/26/2018,1,0
11/14/2018,3,0
11/16/2017,1,3
01/30/2018,1,3
05/5/2018,3,2
01/1/2019,3,0
04/22/2017,4,1
12/25/2016,5,0
04/25/2018,3,1
10/30/2017,3,0
03/11/2019,1,0
03/13/2018,1,3
05/16/2018,5,1
09/6/2017,3,1
10/1/2018,5,0
12/10/2017,2,3
04/6/2017,2,2
02/16/2018,5,2
08/13/2017,5,1
09/23/2017,5,1
12/17/2018,5,0
03/20/2019,5,0
03/10/2019,5,0
08/30/2017,5,0
10/1/2016,5,1
12/10/2018,1,0
04/18/2018,5,0
06/27/2018,3,0
01/11/2018,5,0
06/29/2017,3,1
09/25/2017,5,0
12/21/2017,2,1
09/25/2018,2,1
06/28/2018,5,0
10/1/2017,5,1
01/6/2018,1,5
01/12/2018,1,3
11/11/2018,5,0
04/10/2018,5,0
08/6/2018,2,0
01/30/2019,1,1
02/14/2017,1,10
03/22/2017,3,1
08/31/2017,3,4
10/4/2017,2,3
12/16/2016,1,25
11/2/2017,5,0
10/4/2016,3,10
03/4/2017,1,8
07/19/2018,5,0
04/30/2017,5,1
06/12/2017,5,1
07/25/2018,5,2
10/14/2018,5,0
09/19/2018,1,3
11/29/2016,5,1
02/19/2018,1,0
12/15/2017,5,1
08/10/2018,4,1
08/7/2018,4,0
12/27/2018,2,0
11/21/2018,2,0
01/7/2019,2,0
03/20/2018,5,0
12/28/2018,5,0
10/18/2017,1,7
10/3/2017,1,4
05/2/2017,5,1
04/3/2017,1,7
08/28/2017,4,1
12/29/2017,2,2
06/16/2018,4,0
05/15/2018,5,1
07/18/2017,4,0
03/29/2017,4,0
05/13/2017,4,1
11/3/2016,5,0
04/29/2017,1,3
11/7/2018,4,0
09/4/2017,4,0
07/9/2017,2,4
11/15/2018,5,0
07/12/2018,1,1
06/30/2017,5,0
12/17/2016,5,1
02/19/2018,1,2
07/22/2018,1,2
02/14/2019,1,1
02/19/2018,3,0
09/7/2017,2,2
04/28/2018,5,0
08/26/2017,2,2
03/7/2017,1,8
04/8/2018,3,2
10/1/2017,5,0
12/30/2016,3,2
08/18/2018,4,0
01/23/2018,4,0
11/21/2018,1,0
11/8/2018,5,0
12/13/2018,5,0
12/26/2018,3,0
09/15/2017,4,0
12/24/2016,5,0
06/17/2018,1,1
08/14/2018,5,0
08/6/2018,4,0
03/2/2019,2,0
12/18/2018,5,0
07/20/2018,5,1
01/19/2018,2,1
03/14/2019,1,0
02/26/2018,5,0
09/3/2017,4,0
04/4/2018,1,3
12/10/2017,2,2
06/23/2017,1,5
03/10/2018,4,0
07/23/2017,5,0
03/16/2019,1,0
07/29/2018,5,0
07/2/2017,5,0
06/11/2017,3,0
11/22/2017,5,1
03/25/2018,5,0
06/26/2018,2,1
11/30/2018,4,0
06/21/2017,5,1
07/3/2018,4,0
04/7/2018,2,4
08/10/2018,1,1
07/29/2017,5,0
02/23/2017,3,0
08/30/2018,1,1
02/13/2017,2,1
03/21/2019,5,0
10/4/2017,3,4
11/15/2018,3,0
08/10/2018,3,0
01/21/2019,5,0
04/4/2018,4,0
11/26/2016,5,1
11/16/2018,2,0
08/4/2018,1,0
11/11/2018,4,0
09/16/2016,2,95
07/23/2017,5,0
05/16/2018,5,1
11/9/2018,1,1
12/21/2016,5,0
09/20/2016,5,1
04/22/2018,1,1
12/17/2018,1,0
12/23/2016,5,0
01/30/2017,1,95
04/25/2017,3,0
06/13/2018,5,0
04/28/2018,5,1
10/11/2018,5,0
12/15/2017,5,1
11/30/2017,1,2
09/15/2016,5,3
01/7/2019,2,0
03/20/2017,3,2
08/11/2018,5,0
04/27/2018,5,0
06/16/2018,2,1
06/10/2017,5,0
01/8/2018,5,0
04/5/2018,2,1
10/8/2018,5,0
02/6/2018,1,2
12/23/2017,1,4
08/29/2017,2,1
07/25/2018,3,0
04/5/2018,5,0
01/23/2019,5,0
06/11/2018,1,2
08/14/2017,5,1
11/7/2018,1,1
01/4/2018,2,2
03/1/2018,5,0
03/6/2017,3,1
06/20/2018,2,0
12/27/2017,5,0
03/11/2018,1,2
03/28/2018,2,2
02/7/2017,2,3
02/19/2017,2,2
01/12/2017,4,0
03/8/2018,2,1
02/11/2018,4,0
01/27/2019,4,0
05/30/2017,5,2
05/7/2018,1,6
10/22/2017,5,0
09/22/2016,5,6
06/8/2018,1,0
06/26/2018,5,0
07/4/2018,4,0
04/2/2017,2,2
02/21/2019,5,0
10/16/2017,4,0
06/28/2018,5,0
05/15/2017,5,1
02/4/2019,1,0
04/14/2017,4,0
04/6/2018,1,0
08/9/2017,1,4
10/24/2016,5,0
08/14/2018,1,0
08/30/2017,4,0
09/3/2018,5,0
05/1/2017,5,0
03/8/2018,5,0
04/5/2018,3,1
01/17/2019,2,0
12/6/2018,2,0
03/13/2018,5,0
01/13/2019,5,0
10/9/2017,5,0
08/23/2018,5,0
12/14/2018,1,0
08/25/2018,5,0
02/8/2019,2,0
06/19/2017,5,1
08/19/2018,4,0
03/19/2019,5,0
03/20/2019,5,0
10/23/2016,5,0
09/2/2018,5,0
01/13/2019,5,0
08/11/2018,4,0
10/28/2018,4,0
10/25/2018,5,0
03/15/2019,2,0
12/26/2018,1,0
04/18/2018,4,0
11/7/2017,5,0
08/13/2018,3,0
03/21/2019,3,0
04/17/2018,3,0
11/24/2018,1,0
10/1/2017,4,0
01/7/2019,5,0
01/26/2018,1,2
01/6/2018,5,0
09/16/2017,5,0
02/24/2019,5,0
03/9/2017,5,0
09/7/2017,4,0
03/1/2019,2,0
08/6/2018,4,0
10/29/2018,3,0
04/3/2018,3,1
07/28/2017,5,0
03/10/2019,3,0
02/20/2017,5,0
02/14/2018,5,0
05/27/2017,5,1
03/6/2018,4,0
01/23/2019,2,0
12/26/2017,5,0
06/9/2018,4,0
12/26/2018,5,0
04/11/2018,2,1
01/7/2018,5,0
03/14/2018,1,2
02/12/2018,1,1
09/4/2017,1,3
12/17/2018,1,0
10/31/2018,5,0
11/14/2018,3,0
06/23/2018,3,0
08/18/2018,1,1
12/13/2018,5,0
01/23/2018,2,1
11/21/2017,3,0
06/30/2018,5,1
09/8/2018,4,0
06/14/2018,5,0
03/20/2018,4,0
04/9/2018,5,0
08/22/2017,5,0
01/2/2017,5,0
08/20/2017,1,3
04/1/2018,1,0
02/20/2017,5,0
03/11/2018,5,0
05/29/2018,3,0
01/2/2017,2,2
02/1/2018,5,0
10/26/2016,5,0
09/18/2017,5,0
01/2/2019,1,0
04/19/2018,3,1
09/30/2018,5,0
12/13/2018,5,0
07/18/2017,4,0
09/24/2016,4,2
01/13/2017,5,0
08/8/2017,2,1
12/28/2018,5,0
01/20/2018,5,0
02/11/2018,5,0
09/6/2018,2,0
07/25/2018,4,0
12/9/2016,5,0
07/23/2018,5,0
12/19/2016,5,0
05/9/2017,5,0
09/4/2018,5,0
02/5/2018,1,2
09/26/2018,5,0
10/6/2017,5,1
12/5/2016,5,0
03/13/2019,5,0
07/4/2018,5,0
06/20/2017,4,0
11/5/2017,1,7
08/19/2018,5,0
03/23/2018,1,3
01/6/2017,5,0
12/13/2018,5,0
02/10/2018,3,0
12/7/2018,1,0
04/11/2018,5,0
08/26/2017,4,0
01/18/2019,2,0
06/21/2018,2,0
12/8/2018,5,0
02/20/2018,5,0
05/28/2018,5,0
11/30/2018,5,0
10/1/2017,4,0
09/5/2017,5,0
10/8/2018,5,0
01/3/2018,5,0
04/10/2018,1,1
07/27/2018,5,0
12/21/2016,5,0
12/23/2016,5,0
12/13/2017,5,0
04/22/2018,5,0
04/13/2017,5,1
12/25/2017,4,0
02/16/2019,5,0
10/29/2017,5,0
01/21/2017,1,10
09/9/2018,5,0
08/23/2017,5,0
02/21/2019,5,0
07/24/2018,5,0
08/27/2018,5,0
04/26/2018,3,1
09/20/2017,5,0
08/16/2017,5,0
12/19/2018,5,0
04/26/2017,1,3
10/19/2018,5,0
10/28/2018,1,0
05/18/2018,5,0
10/16/2018,2,0
06/11/2018,5,0
07/2/2017,5,0
02/22/2018,3,0
04/3/2018,5,0
03/12/2019,5,0
07/25/2018,5,0
11/13/2017,2,0
02/1/2017,5,0
10/20/2016,3,8
05/10/2018,1,2
04/9/2018,1,2
01/14/2017,5,0
09/27/2018,5,0
04/9/2018,2,1
03/22/2019,5,0
04/2/2017,5,0
03/3/2019,1,0
07/12/2018,5,0
04/10/2018,4,0
01/31/2017,5,0
01/21/2017,2,3
07/26/2018,5,0
02/24/2019,4,0
10/2/2018,5,0
03/8/2018,2,0
10/29/2018,5,0
12/12/2018,5,0
04/23/2017,3,0
03/4/2018,1,2
06/30/2018,1,0
09/23/2016,5,0
11/7/2017,1,3
06/30/2018,5,0
06/20/2018,2,0
07/7/2018,4,0
06/27/2018,5,0
11/17/2017,1,1
02/25/2017,4,0
10/5/2018,5,0
09/1/2017,4,0
08/31/2018,2,0
08/19/2018,5,0
09/15/2018,5,0
05/23/2017,5,0
08/26/2018,4,0
04/9/2018,2,1
02/20/2017,5,0
07/7/2018,5,0
11/23/2017,5,0
12/8/2018,5,0
09/4/2018,5,0
01/8/2017,5,0
05/24/2017,5,0
07/31/2017,5,0
07/1/2017,5,0
07/31/2017,5,0
12/3/2018,5,0
12/20/2018,5,0
02/18/2019,4,0
10/1/2017,5,0
03/7/2019,4,0
09/14/2018,5,0
07/28/2018,4,0
12/8/2016,5,0
09/8/2018,5,0
09/14/2018,1,1
05/22/2018,4,0
08/1/2018,3,0
10/12/2016,5,0
09/24/2016,2,11
10/3/2017,5,1
07/25/2018,5,0
03/21/2019,5,0
03/23/2018,5,0
02/12/2018,5,0
09/4/2017,5,0
06/24/2018,5,0
06/27/2018,1,1
08/31/2018,5,0
02/10/2019,5,0
04/19/2018,5,0
09/30/2018,2,0
01/21/2017,5,0
04/15/2018,5,0
03/6/2019,1,1
06/21/2017,5,0
11/26/2018,4,0
06/10/2018,5,0
03/12/2018,5,0
12/6/2018,1,0
11/21/2017,5,0
04/25/2017,5,0
07/27/2018,5,0
06/12/2018,5,0
05/11/2017,5,0
07/17/2017,1,1
03/20/2018,2,1
07/7/2018,5,0
12/29/2016,4,0
11/22/2018,5,1
03/26/2018,5,0
04/30/2018,4,0
01/11/2018,5,0
11/2/2018,5,0
09/13/2018,1,1
08/19/2018,2,0
03/17/2017,5,0
01/7/2018,5,0
09/12/2017,1,3
07/29/2018,5,0
03/4/2018,5,0
03/5/2018,5,0
05/23/2018,5,0
01/6/2018,5,0
07/15/2018,5,0
11/16/2017,2,1
05/15/2018,5,0
09/13/2018,5,0
03/17/2018,5,0
05/16/2017,1,2
12/28/2017,5,1
01/9/2018,5,0
08/15/2018,1,0
06/29/2018,5,0
08/3/2018,4,0
03/5/2019,5,0
09/4/2018,3,0
05/17/2018,4,0
12/22/2016,5,0
04/12/2018,5,0
10/25/2016,5,0
11/5/2018,1,0
01/26/2018,5,0
03/22/2017,5,0
12/16/2018,1,0
10/5/2017,2,1
10/26/2018,4,0
10/6/2017,5,0
09/4/2018,4,0
10/11/2017,5,0
07/10/2018,5,0
05/1/2018,5,0
10/1/2018,5,0
03/12/2018,1,4
06/19/2018,5,0
03/17/2017,5,0
02/11/2017,5,0
11/12/2018,4,0
10/24/2016,4,0
03/11/2018,5,0
11/26/2018,5,0
11/5/2016,5,0
09/5/2018,4,0
09/4/2018,2,0
02/24/2018,1,2
09/16/2016,5,1
10/1/2016,5,0
06/18/2017,5,0
12/29/2016,2,1
10/16/2017,5,0
04/15/2018,5,0
08/8/2017,5,0
11/7/2018,5,0
09/18/2016,5,0
06/25/2018,5,0
10/6/2016,5,0
10/7/2017,1,0
01/26/2019,1,0
11/22/2017,4,0
01/23/2017,5,0
09/13/2016,5,2
02/12/2017,5,0
10/31/2018,1,0
07/30/2018,5,0
12/1/2017,5,0
08/21/2017,5,0
07/7/2017,3,1
09/2/2018,1,0
09/25/2016,5,0
05/6/2018,5,0
01/3/2017,5,0
08/21/2017,5,0
05/1/2017,5,0
09/2/2017,4,0
02/6/2019,3,0
07/9/2018,5,0
04/19/2017,5,1
12/13/2016,5,0
04/25/2017,3,0
04/24/2017,5,1
05/27/2018,2,0
10/18/2017,5,0
04/28/2017,1,2
06/21/2018,5,0
05/22/2018,5,0
09/7/2018,5,0
05/18/2017,5,0
07/30/2018,1,0
08/24/2017,4,0
09/14/2016,5,1
02/1/2018,5,0
06/29/2018,5,0
02/19/2017,3,0
03/16/2019,5,0
04/23/2018,5,0
03/13/2017,4,0
07/18/2017,5,0
10/20/2018,5,0
08/6/2018,5,0
04/15/2018,5,0
07/8/2018,4,0
04/13/2018,1,2
02/8/2017,5,0
11/5/2018,4,0
02/18/2018,5,0
12/28/2018,5,0
12/9/2018,5,0
05/12/2018,1,2
05/21/2017,5,0
11/23/2016,3,3
05/29/2018,5,0
03/24/2017,1,2
10/11/2017,5,0
01/23/2017,5,0
04/20/2018,3,0
10/25/2016,3,0
05/29/2017,5,0
08/8/2017,3,0
03/20/2018,5,0
10/26/2018,5,0
04/1/2017,4,0
09/28/2018,5,0
07/20/2017,1,0
02/1/2019,1,0
08/15/2017,5,0
05/11/2017,5,0
01/10/2018,5,0
10/22/2017,5,0
07/11/2018,1,0
08/12/2017,5,0
01/6/2017,5,0
08/19/2018,5,0
04/20/2018,5,0
01/28/2019,5,0
01/2/2017,5,0
05/16/2017,5,0
03/13/2018,5,0
11/4/2018,5,0
02/26/2017,4,0
01/8/2018,3,1
12/14/2018,5,0
03/5/2017,5,0
09/14/2016,5,0
10/29/2017,5,0
02/8/2019,5,0
08/28/2018,1,0
10/16/2017,1,3
11/17/2017,5,0
09/20/2017,5,0
02/11/2017,4,0
02/26/2017,5,0
06/30/2018,1,0
10/4/2016,2,11
08/12/2017,2,1
09/18/2017,5,0
12/13/2016,5,0
12/13/2016,5,0
04/25/2017,5,0
01/31/2018,5,0
06/14/2018,3,0
09/21/2018,3,0
08/12/2017,5,0
10/4/2016,5,0
10/27/2016,3,1
05/9/2017,4,0
02/10/2018,5,0
07/10/2017,5,0
03/11/2017,5,0
02/20/2018,5,0
01/28/2018,2,0
07/18/2017,5,0
01/31/2018,5,0
09/8/2017,5,0
06/29/2017,5,0
02/14/2017,5,0
08/11/2018,5,0
09/24/2016,5,0
09/23/2016,5,0
12/19/2016,3,0
06/15/2017,5,0
08/25/2017,5,0
08/26/2017,5,0
11/15/2017,3,0
10/26/2016,5,0
06/25/2018,1,0
08/15/2017,5,0
12/4/2017,1,0
05/16/2017,3,0
04/1/2017,5,0
12/20/2017,2,2
01/24/2017,5,0
12/30/2017,1,0
03/30/2017,5,0
02/21/2018,5,0
02/23/2018,5,0
08/18/2018,2,0
10/29/2016,5,0
06/6/2018,1,0
03/20/2017,5,0
01/19/2018,1,0
04/26/2018,1,1
04/20/2017,2,1
01/29/2018,1,1
03/10/2018,1,0
01/28/2018,4,0
04/5/2018,3,0
07/5/2018,5,0
08/7/2017,1,1
06/4/2017,5,0
12/14/2016,5,0
11/10/2017,1,1
07/12/2018,1,2
02/3/2018,1,0
09/29/2017,1,2
06/1/2017,1,1
12/25/2017,3,0
12/25/2017,1,0
07/16/2017,2,0
10/5/2016,3,1
07/28/2017,1,0
03/23/2017,1,3
10/25/2017,2,1
02/15/2018,1,4
10/7/2017,1,2
01/7/2017,1,13
04/11/2017,1,1
03/17/2018,1,2
06/2/2017,1,2
07/3/2017,1,1
04/10/2018,2,0
03/20/2018,1,0
01/3/2018,1,2
05/25/2017,1,1
06/3/2017,1,1
06/10/2018,1,0
08/27/2017,1,0
12/14/2016,1,8
07/5/2018,1,1
02/7/2018,1,0
07/25/2017,1,1
11/23/2016,1,15
10/25/2017,1,0
11/23/2016,1,7
09/13/2016,4,0
10/3/2016,1,50
01/13/2018,1,0
10/4/2017,1,1
11/27/2016,1,3
03/5/2017,1,0
07/18/2018,1,0
08/17/2018,1,0
02/28/2017,1,1
06/4/2017,1,3
09/16/2016,1,28
09/20/2016,1,13
09/15/2016,1,19
01/11/2018,5,15
11/5/2016,5,44
10/4/2018,5,1
06/25/2018,5,1
09/30/2017,3,4
04/21/2018,4,0
06/11/2018,5,0
03/31/2017,5,4
04/22/2018,3,1
05/13/2018,5,1
11/11/2018,5,0
12/5/2018,5,0
07/26/2018,5,0
07/4/2018,5,0
01/13/2019,5,0
01/8/2017,5,1
05/2/2018,5,1
09/4/2017,5,1
09/7/2018,5,0
04/5/2018,5,1
03/2/2018,5,0
10/18/2017,5,1
06/7/2018,5,0
03/1/2018,5,0
05/14/2017,4,1
01/30/2018,5,0
10/23/2018,5,0
09/6/2018,5,0
01/6/2019,5,0
05/19/2018,5,0
05/5/2018,5,0
04/26/2018,5,0
06/15/2018,5,0
01/19/2019,5,0
11/26/2018,5,0
07/9/2018,5,0
08/31/2017,5,1
02/22/2018,4,0
01/21/2019,5,0
10/31/2018,5,0
02/8/2019,5,0
03/2/2019,5,0
12/16/2017,5,1
09/10/2018,2,0
06/20/2018,5,0
07/28/2018,5,0
04/25/2018,5,0
12/26/2018,5,0
01/27/2019,5,0
11/30/2018,5,0
11/26/2018,5,0
01/29/2019,5,0
07/16/2018,5,0
03/7/2018,5,0
01/1/2019,5,0
08/28/2018,5,0
11/28/2017,5,0
01/9/2019,5,0
02/9/2018,4,0
11/7/2018,5,0
06/6/2018,5,0
01/31/2017,5,2
05/26/2018,5,0
01/28/2019,5,0
06/18/2018,5,0
04/8/2018,5,0
07/2/2018,5,0
07/6/2018,5,0
04/4/2018,5,0
01/11/2018,5,0
04/15/2018,5,0
12/8/2017,5,0
02/19/2018,5,0
03/21/2018,5,0
02/27/2017,4,0
12/11/2016,5,3
08/13/2018,5,0
04/20/2018,5,0
05/5/2018,5,0
02/8/2018,5,0
04/22/2018,5,0
03/28/2018,4,0
04/6/2018,5,0
04/26/2018,5,0
10/19/2017,5,3
05/16/2018,5,0
03/21/2018,4,0
12/17/2018,5,0
02/9/2018,5,0
12/16/2017,5,1
02/18/2018,5,0
11/25/2017,5,0
02/15/2018,5,0
02/14/2019,5,0
03/4/2017,5,0
09/1/2017,5,0
03/29/2017,5,1
11/3/2017,5,0
01/6/2019,5,0
05/24/2017,5,0
03/29/2018,5,1
09/21/2017,5,0
05/21/2017,4,0
09/18/2017,5,0
03/22/2018,5,0
08/10/2018,5,0
11/1/2016,5,0
12/14/2018,5,0
01/25/2019,5,0
12/13/2018,4,0
09/29/2017,5,0
06/27/2017,5,0
01/24/2017,5,0
01/30/2018,5,0
03/30/2018,5,0
12/1/2017,4,0
12/11/2016,5,0
02/9/2019,5,0
07/25/2017,5,1
02/26/2018,5,0
01/30/2018,5,0
10/20/2017,5,0
03/2/2017,5,0
01/23/2019,5,0
01/6/2018,5,0
12/15/2018,5,0
03/1/2019,5,0
02/5/2019,5,0
03/5/2019,5,0
02/1/2019,5,0
03/1/2017,5,1
11/23/2018,5,0
04/18/2017,5,0
02/6/2019,5,0
12/11/2017,5,2
12/3/2017,5,2
10/13/2017,5,0
03/27/2017,5,2
04/26/2017,3,5
05/16/2017,3,12
02/25/2017,5,4
01/20/2018,2,0
11/16/2017,3,1
09/12/2017,5,0
08/31/2017,5,0
07/16/2017,5,1
05/8/2017,4,0
07/27/2018,5,0
07/31/2017,5,0
03/15/2017,5,0
06/26/2017,5,0
12/7/2017,5,0
11/14/2016,2,17
06/19/2017,5,0
06/21/2017,5,0
07/10/2017,5,0
10/8/2017,2,7
11/13/2018,1,1
06/25/2017,1,8
09/25/2018,5,1
08/18/2018,4,0
01/19/2018,5,0
08/14/2017,5,0
02/9/2018,5,0
02/12/2018,2,5
02/21/2019,1,0
03/21/2018,5,0
01/31/2019,5,1
11/22/2017,5,1
04/25/2018,5,0
01/1/2018,5,1
08/5/2018,3,0
